signal_period,holding_month,portfolio_id,policy_id,asset_id,aggregate_weight
2017-03,2017-04,PDS_ACTIVE_CORE,PDS_CORE_FIXED_25_75_V1,BIL,0.037499999999999964
2017-03,2017-04,PDS_ACTIVE_CORE,PDS_CORE_FIXED_25_75_V1,DBC,0.059375
2017-03,2017-04,PDS_ACTIVE_CORE,PDS_CORE_FIXED_25_75_V1,EEM,0.08437500000000014
2017-03,2017-04,PDS_ACTIVE_CORE,PDS_CORE_FIXED_25_75_V1,EFA,0.03125000000000006
2017-03,2017-04,PDS_ACTIVE_CORE,PDS_CORE_FIXED_25_75_V1,EWY,0.05781250000000011
2017-03,2017-04,PDS_ACTIVE_CORE,PDS_CORE_FIXED_25_75_V1,GLD,0.046875
2017-03,2017-04,PDS_ACTIVE_CORE,PDS_CORE_FIXED_25_75_V1,HYG,0.04375000000000008
2017-03,2017-04,PDS_ACTIVE_CORE,PDS_CORE_FIXED_25_75_V1,IEF,0.046875
2017-03,2017-04,PDS_ACTIVE_CORE,PDS_CORE_FIXED_25_75_V1,IWM,0.09375000000000006
2017-03,2017-04,PDS_ACTIVE_CORE,PDS_CORE_FIXED_25_75_V1,QQQ,0.18437500000000015
2017-03,2017-04,PDS_ACTIVE_CORE,PDS_CORE_FIXED_25_75_V1,SPY,0.17031250000000014
2017-03,2017-04,PDS_ACTIVE_CORE,PDS_CORE_FIXED_25_75_V1,TIP,0.037499999999999964
2017-03,2017-04,PDS_ACTIVE_CORE,PDS_CORE_FIXED_25_75_V1,TLT,0.0625
2017-03,2017-04,PDS_ACTIVE_CORE,PDS_CORE_FIXED_25_75_V1,VGK,0.04375000000000008
2017-04,2017-05,PDS_ACTIVE_CORE,PDS_CORE_FIXED_25_75_V1,EEM,0.0625000000000001
2017-04,2017-05,PDS_ACTIVE_CORE,PDS_CORE_FIXED_25_75_V1,EFA,0.03125000000000006
2017-04,2017-05,PDS_ACTIVE_CORE,PDS_CORE_FIXED_25_75_V1,EWY,0.14218750000000016
2017-04,2017-05,PDS_ACTIVE_CORE,PDS_CORE_FIXED_25_75_V1,GLD,0.046875
2017-04,2017-05,PDS_ACTIVE_CORE,PDS_CORE_FIXED_25_75_V1,HYG,0.04375000000000008
2017-04,2017-05,PDS_ACTIVE_CORE,PDS_CORE_FIXED_25_75_V1,IEF,0.046875
2017-04,2017-05,PDS_ACTIVE_CORE,PDS_CORE_FIXED_25_75_V1,IWM,0.03125000000000006
2017-04,2017-05,PDS_ACTIVE_CORE,PDS_CORE_FIXED_25_75_V1,QQQ,0.2968750000000001
2017-04,2017-05,PDS_ACTIVE_CORE,PDS_CORE_FIXED_25_75_V1,SPY,0.17031250000000014
2017-04,2017-05,PDS_ACTIVE_CORE,PDS_CORE_FIXED_25_75_V1,TLT,0.0625
2017-04,2017-05,PDS_ACTIVE_CORE,PDS_CORE_FIXED_25_75_V1,VGK,0.04375000000000008
2017-04,2017-05,PDS_ACTIVE_CORE,PDS_CORE_FIXED_25_75_V1,VNQ,0.02187500000000004
2017-05,2017-06,PDS_ACTIVE_CORE,PDS_CORE_FIXED_25_75_V1,EEM,0.08437500000000014
2017-05,2017-06,PDS_ACTIVE_CORE,PDS_CORE_FIXED_25_75_V1,EFA,0.03125000000000006
2017-05,2017-06,PDS_ACTIVE_CORE,PDS_CORE_FIXED_25_75_V1,EWY,0.07968750000000016
2017-05,2017-06,PDS_ACTIVE_CORE,PDS_CORE_FIXED_25_75_V1,GLD,0.109375
2017-05,2017-06,PDS_ACTIVE_CORE,PDS_CORE_FIXED_25_75_V1,HYG,0.02187500000000004
2017-05,2017-06,PDS_ACTIVE_CORE,PDS_CORE_FIXED_25_75_V1,IEF,0.046875
2017-05,2017-06,PDS_ACTIVE_CORE,PDS_CORE_FIXED_25_75_V1,IWM,0.03125000000000006
2017-05,2017-06,PDS_ACTIVE_CORE,PDS_CORE_FIXED_25_75_V1,LQD,0.02187500000000004
2017-05,2017-06,PDS_ACTIVE_CORE,PDS_CORE_FIXED_25_75_V1,QQQ,0.2968750000000001
2017-05,2017-06,PDS_ACTIVE_CORE,PDS_CORE_FIXED_25_75_V1,SPY,0.1484375000000001
2017-05,2017-06,PDS_ACTIVE_CORE,PDS_CORE_FIXED_25_75_V1,TLT,0.08437500000000003
2017-05,2017-06,PDS_ACTIVE_CORE,PDS_CORE_FIXED_25_75_V1,VGK,0.04375000000000008
2017-06,2017-07,PDS_ACTIVE_CORE,PDS_CORE_FIXED_25_75_V1,BIL,0.1875
2017-06,2017-07,PDS_ACTIVE_CORE,PDS_CORE_FIXED_25_75_V1,EEM,0.05312500000000008
2017-06,2017-07,PDS_ACTIVE_CORE,PDS_CORE_FIXED_25_75_V1,EWY,0.11093750000000009
2017-06,2017-07,PDS_ACTIVE_CORE,PDS_CORE_FIXED_25_75_V1,GLD,0.046875
2017-06,2017-07,PDS_ACTIVE_CORE,PDS_CORE_FIXED_25_75_V1,HYG,0.02187500000000004
2017-06,2017-07,PDS_ACTIVE_CORE,PDS_CORE_FIXED_25_75_V1,IEF,0.046875
2017-06,2017-07,PDS_ACTIVE_CORE,PDS_CORE_FIXED_25_75_V1,LQD,0.02187500000000004
2017-06,2017-07,PDS_ACTIVE_CORE,PDS_CORE_FIXED_25_75_V1,QQQ,0.24375000000000005
2017-06,2017-07,PDS_ACTIVE_CORE,PDS_CORE_FIXED_25_75_V1,SPY,0.1390625000000001
2017-06,2017-07,PDS_ACTIVE_CORE,PDS_CORE_FIXED_25_75_V1,TLT,0.08437500000000003
2017-06,2017-07,PDS_ACTIVE_CORE,PDS_CORE_FIXED_25_75_V1,VGK,0.04375000000000008
2017-07,2017-08,PDS_ACTIVE_CORE,PDS_CORE_FIXED_25_75_V1,BIL,0.1875
2017-07,2017-08,PDS_ACTIVE_CORE,PDS_CORE_FIXED_25_75_V1,EEM,0.1656250000000001
2017-07,2017-08,PDS_ACTIVE_CORE,PDS_CORE_FIXED_25_75_V1,EWY,0.11093750000000009
2017-07,2017-08,PDS_ACTIVE_CORE,PDS_CORE_FIXED_25_75_V1,GLD,0.046875
2017-07,2017-08,PDS_ACTIVE_CORE,PDS_CORE_FIXED_25_75_V1,HYG,0.02187500000000004
2017-07,2017-08,PDS_ACTIVE_CORE,PDS_CORE_FIXED_25_75_V1,IEF,0.046875
2017-07,2017-08,PDS_ACTIVE_CORE,PDS_CORE_FIXED_25_75_V1,LQD,0.04375000000000008
2017-07,2017-08,PDS_ACTIVE_CORE,PDS_CORE_FIXED_25_75_V1,QQQ,0.13125000000000003
2017-07,2017-08,PDS_ACTIVE_CORE,PDS_CORE_FIXED_25_75_V1,SPY,0.1390625000000001
2017-07,2017-08,PDS_ACTIVE_CORE,PDS_CORE_FIXED_25_75_V1,TLT,0.0625
2017-07,2017-08,PDS_ACTIVE_CORE,PDS_CORE_FIXED_25_75_V1,VGK,0.04375000000000008
2017-08,2017-09,PDS_ACTIVE_CORE,PDS_CORE_FIXED_25_75_V1,EEM,0.19687500000000013
2017-08,2017-09,PDS_ACTIVE_CORE,PDS_CORE_FIXED_25_75_V1,EFA,0.03125000000000006
2017-08,2017-09,PDS_ACTIVE_CORE,PDS_CORE_FIXED_25_75_V1,EWY,0.14218750000000016
2017-08,2017-09,PDS_ACTIVE_CORE,PDS_CORE_FIXED_25_75_V1,GLD,0.09062500000000008
2017-08,2017-09,PDS_ACTIVE_CORE,PDS_CORE_FIXED_25_75_V1,HYG,0.02187500000000004
2017-08,2017-09,PDS_ACTIVE_CORE,PDS_CORE_FIXED_25_75_V1,IEF,0.046875
2017-08,2017-09,PDS_ACTIVE_CORE,PDS_CORE_FIXED_25_75_V1,IWM,0.03125000000000006
2017-08,2017-09,PDS_ACTIVE_CORE,PDS_CORE_FIXED_25_75_V1,QQQ,0.1625000000000001
2017-08,2017-09,PDS_ACTIVE_CORE,PDS_CORE_FIXED_25_75_V1,SPY,0.1484375000000001
2017-08,2017-09,PDS_ACTIVE_CORE,PDS_CORE_FIXED_25_75_V1,TLT,0.08437500000000003
2017-08,2017-09,PDS_ACTIVE_CORE,PDS_CORE_FIXED_25_75_V1,VGK,0.04375000000000008
2017-09,2017-10,PDS_ACTIVE_CORE,PDS_CORE_FIXED_25_75_V1,BIL,0.1875
2017-09,2017-10,PDS_ACTIVE_CORE,PDS_CORE_FIXED_25_75_V1,DBC,0.04375000000000008
2017-09,2017-10,PDS_ACTIVE_CORE,PDS_CORE_FIXED_25_75_V1,EEM,0.1656250000000001
2017-09,2017-10,PDS_ACTIVE_CORE,PDS_CORE_FIXED_25_75_V1,EWY,0.08906250000000004
2017-09,2017-10,PDS_ACTIVE_CORE,PDS_CORE_FIXED_25_75_V1,GLD,0.109375
2017-09,2017-10,PDS_ACTIVE_CORE,PDS_CORE_FIXED_25_75_V1,HYG,0.02187500000000004
2017-09,2017-10,PDS_ACTIVE_CORE,PDS_CORE_FIXED_25_75_V1,IEF,0.046875
2017-09,2017-10,PDS_ACTIVE_CORE,PDS_CORE_FIXED_25_75_V1,QQQ,0.13125000000000003
2017-09,2017-10,PDS_ACTIVE_CORE,PDS_CORE_FIXED_25_75_V1,SPY,0.1390625000000001
2017-09,2017-10,PDS_ACTIVE_CORE,PDS_CORE_FIXED_25_75_V1,VGK,0.04375000000000008
2017-09,2017-10,PDS_ACTIVE_CORE,PDS_CORE_FIXED_25_75_V1,VNQ,0.02187500000000004
2017-10,2017-11,PDS_ACTIVE_CORE,PDS_CORE_FIXED_25_75_V1,DBC,0.04375000000000008
2017-10,2017-11,PDS_ACTIVE_CORE,PDS_CORE_FIXED_25_75_V1,EEM,0.19687500000000013
2017-10,2017-11,PDS_ACTIVE_CORE,PDS_CORE_FIXED_25_75_V1,EFA,0.03125000000000006
2017-10,2017-11,PDS_ACTIVE_CORE,PDS_CORE_FIXED_25_75_V1,EWY,0.14218750000000016
2017-10,2017-11,PDS_ACTIVE_CORE,PDS_CORE_FIXED_25_75_V1,GLD,0.046875
2017-10,2017-11,PDS_ACTIVE_CORE,PDS_CORE_FIXED_25_75_V1,HYG,0.02187500000000004
2017-10,2017-11,PDS_ACTIVE_CORE,PDS_CORE_FIXED_25_75_V1,IEF,0.046875
2017-10,2017-11,PDS_ACTIVE_CORE,PDS_CORE_FIXED_25_75_V1,IWM,0.09375000000000006
2017-10,2017-11,PDS_ACTIVE_CORE,PDS_CORE_FIXED_25_75_V1,QQQ,0.1625000000000001
2017-10,2017-11,PDS_ACTIVE_CORE,PDS_CORE_FIXED_25_75_V1,SPY,0.10781250000000016
2017-10,2017-11,PDS_ACTIVE_CORE,PDS_CORE_FIXED_25_75_V1,TLT,0.0625
2017-10,2017-11,PDS_ACTIVE_CORE,PDS_CORE_FIXED_25_75_V1,VGK,0.04375000000000008
2017-11,2017-12,PDS_ACTIVE_CORE,PDS_CORE_FIXED_25_75_V1,DBC,0.08437500000000003
2017-11,2017-12,PDS_ACTIVE_CORE,PDS_CORE_FIXED_25_75_V1,EEM,0.08437500000000014
2017-11,2017-12,PDS_ACTIVE_CORE,PDS_CORE_FIXED_25_75_V1,EFA,0.03125000000000006
2017-11,2017-12,PDS_ACTIVE_CORE,PDS_CORE_FIXED_25_75_V1,EWY,0.14218750000000016
2017-11,2017-12,PDS_ACTIVE_CORE,PDS_CORE_FIXED_25_75_V1,GLD,0.046875
2017-11,2017-12,PDS_ACTIVE_CORE,PDS_CORE_FIXED_25_75_V1,HYG,0.02187500000000004
2017-11,2017-12,PDS_ACTIVE_CORE,PDS_CORE_FIXED_25_75_V1,IEF,0.046875
2017-11,2017-12,PDS_ACTIVE_CORE,PDS_CORE_FIXED_25_75_V1,IWM,0.03125000000000006
2017-11,2017-12,PDS_ACTIVE_CORE,PDS_CORE_FIXED_25_75_V1,QQQ,0.2750000000000001
2017-11,2017-12,PDS_ACTIVE_CORE,PDS_CORE_FIXED_25_75_V1,SPY,0.10781250000000016
2017-11,2017-12,PDS_ACTIVE_CORE,PDS_CORE_FIXED_25_75_V1,TLT,0.0625
2017-11,2017-12,PDS_ACTIVE_CORE,PDS_CORE_FIXED_25_75_V1,VGK,0.04375000000000008
2017-11,2017-12,PDS_ACTIVE_CORE,PDS_CORE_FIXED_25_75_V1,VNQ,0.02187500000000004
2017-12,2018-01,PDS_ACTIVE_CORE,PDS_CORE_FIXED_25_75_V1,DBC,0.1156250000000001
2017-12,2018-01,PDS_ACTIVE_CORE,PDS_CORE_FIXED_25_75_V1,EEM,0.19687500000000013
2017-12,2018-01,PDS_ACTIVE_CORE,PDS_CORE_FIXED_25_75_V1,EFA,0.03125000000000006
2017-12,2018-01,PDS_ACTIVE_CORE,PDS_CORE_FIXED_25_75_V1,EWY,0.07968750000000016
2017-12,2018-01,PDS_ACTIVE_CORE,PDS_CORE_FIXED_25_75_V1,GLD,0.046875
2017-12,2018-01,PDS_ACTIVE_CORE,PDS_CORE_FIXED_25_75_V1,IEF,0.046875
2017-12,2018-01,PDS_ACTIVE_CORE,PDS_CORE_FIXED_25_75_V1,IWM,0.0625
2017-12,2018-01,PDS_ACTIVE_CORE,PDS_CORE_FIXED_25_75_V1,QQQ,0.18437500000000015
2017-12,2018-01,PDS_ACTIVE_CORE,PDS_CORE_FIXED_25_75_V1,SPY,0.10781250000000016
2017-12,2018-01,PDS_ACTIVE_CORE,PDS_CORE_FIXED_25_75_V1,TLT,0.0625
2017-12,2018-01,PDS_ACTIVE_CORE,PDS_CORE_FIXED_25_75_V1,VGK,0.04375000000000008
2017-12,2018-01,PDS_ACTIVE_CORE,PDS_CORE_FIXED_25_75_V1,VNQ,0.02187500000000004
2018-01,2018-02,PDS_ACTIVE_CORE,PDS_CORE_FIXED_25_75_V1,BIL,0.037499999999999964
2018-01,2018-02,PDS_ACTIVE_CORE,PDS_CORE_FIXED_25_75_V1,DBC,0.14375000000000004
2018-01,2018-02,PDS_ACTIVE_CORE,PDS_CORE_FIXED_25_75_V1,EEM,0.14687500000000014
2018-01,2018-02,PDS_ACTIVE_CORE,PDS_CORE_FIXED_25_75_V1,EFA,0.03125000000000006
2018-01,2018-02,PDS_ACTIVE_CORE,PDS_CORE_FIXED_25_75_V1,EWY,0.1203125000000001
2018-01,2018-02,PDS_ACTIVE_CORE,PDS_CORE_FIXED_25_75_V1,GLD,0.046875
2018-01,2018-02,PDS_ACTIVE_CORE,PDS_CORE_FIXED_25_75_V1,HYG,0.02187500000000004
2018-01,2018-02,PDS_ACTIVE_CORE,PDS_CORE_FIXED_25_75_V1,IEF,0.046875
2018-01,2018-02,PDS_ACTIVE_CORE,PDS_CORE_FIXED_25_75_V1,IWM,0.03125000000000006
2018-01,2018-02,PDS_ACTIVE_CORE,PDS_CORE_FIXED_25_75_V1,LQD,0.059375
2018-01,2018-02,PDS_ACTIVE_CORE,PDS_CORE_FIXED_25_75_V1,QQQ,0.1625000000000001
2018-01,2018-02,PDS_ACTIVE_CORE,PDS_CORE_FIXED_25_75_V1,SPY,0.10781250000000016
2018-01,2018-02,PDS_ACTIVE_CORE,PDS_CORE_FIXED_25_75_V1,VGK,0.04375000000000008
2018-02,2018-03,PDS_ACTIVE_CORE,PDS_CORE_FIXED_25_75_V1,BIL,0.30625000000000013
2018-02,2018-03,PDS_ACTIVE_CORE,PDS_CORE_FIXED_25_75_V1,DBC,0.059375
2018-02,2018-03,PDS_ACTIVE_CORE,PDS_CORE_FIXED_25_75_V1,EEM,0.05312500000000008
2018-02,2018-03,PDS_ACTIVE_CORE,PDS_CORE_FIXED_25_75_V1,EWY,0.0671875
2018-02,2018-03,PDS_ACTIVE_CORE,PDS_CORE_FIXED_25_75_V1,GLD,0.09062500000000008
2018-02,2018-03,PDS_ACTIVE_CORE,PDS_CORE_FIXED_25_75_V1,HYG,0.02187500000000004
2018-02,2018-03,PDS_ACTIVE_CORE,PDS_CORE_FIXED_25_75_V1,IEF,0.046875
2018-02,2018-03,PDS_ACTIVE_CORE,PDS_CORE_FIXED_25_75_V1,IWM,0.0625
2018-02,2018-03,PDS_ACTIVE_CORE,PDS_CORE_FIXED_25_75_V1,QQQ,0.15312500000000007
2018-02,2018-03,PDS_ACTIVE_CORE,PDS_CORE_FIXED_25_75_V1,SPY,0.1390625000000001
2018-03,2018-04,PDS_ACTIVE_CORE,PDS_CORE_FIXED_25_75_V1,BIL,0.07500000000000004
2018-03,2018-04,PDS_ACTIVE_CORE,PDS_CORE_FIXED_25_75_V1,DBC,0.11250000000000013
2018-03,2018-04,PDS_ACTIVE_CORE,PDS_CORE_FIXED_25_75_V1,EEM,0.14687500000000014
2018-03,2018-04,PDS_ACTIVE_CORE,PDS_CORE_FIXED_25_75_V1,EFA,0.03125000000000006
2018-03,2018-04,PDS_ACTIVE_CORE,PDS_CORE_FIXED_25_75_V1,EWY,0.14218750000000016
2018-03,2018-04,PDS_ACTIVE_CORE,PDS_CORE_FIXED_25_75_V1,GLD,0.06875000000000005
2018-03,2018-04,PDS_ACTIVE_CORE,PDS_CORE_FIXED_25_75_V1,IEF,0.046875
2018-03,2018-04,PDS_ACTIVE_CORE,PDS_CORE_FIXED_25_75_V1,IWM,0.03125000000000006
2018-03,2018-04,PDS_ACTIVE_CORE,PDS_CORE_FIXED_25_75_V1,QQQ,0.18437500000000015
2018-03,2018-04,PDS_ACTIVE_CORE,PDS_CORE_FIXED_25_75_V1,SPY,0.1390625000000001
2018-03,2018-04,PDS_ACTIVE_CORE,PDS_CORE_FIXED_25_75_V1,TIP,0.02187500000000004
2018-04,2018-05,PDS_ACTIVE_CORE,PDS_CORE_FIXED_25_75_V1,BIL,0.32812500000000006
2018-04,2018-05,PDS_ACTIVE_CORE,PDS_CORE_FIXED_25_75_V1,DBC,0.08125000000000004
2018-04,2018-05,PDS_ACTIVE_CORE,PDS_CORE_FIXED_25_75_V1,EEM,0.009375000000000001
2018-04,2018-05,PDS_ACTIVE_CORE,PDS_CORE_FIXED_25_75_V1,EWY,0.11093750000000009
2018-04,2018-05,PDS_ACTIVE_CORE,PDS_CORE_FIXED_25_75_V1,GLD,0.109375
2018-04,2018-05,PDS_ACTIVE_CORE,PDS_CORE_FIXED_25_75_V1,HYG,0.02187500000000004
2018-04,2018-05,PDS_ACTIVE_CORE,PDS_CORE_FIXED_25_75_V1,IEF,0.046875
2018-04,2018-05,PDS_ACTIVE_CORE,PDS_CORE_FIXED_25_75_V1,QQQ,0.15312500000000007
2018-04,2018-05,PDS_ACTIVE_CORE,PDS_CORE_FIXED_25_75_V1,SPY,0.11718750000000003
2018-04,2018-05,PDS_ACTIVE_CORE,PDS_CORE_FIXED_25_75_V1,VGK,0.02187500000000004
2018-05,2018-06,PDS_ACTIVE_CORE,PDS_CORE_FIXED_25_75_V1,BIL,0.07500000000000004
2018-05,2018-06,PDS_ACTIVE_CORE,PDS_CORE_FIXED_25_75_V1,DBC,0.11250000000000013
2018-05,2018-06,PDS_ACTIVE_CORE,PDS_CORE_FIXED_25_75_V1,EEM,0.040625000000000064
2018-05,2018-06,PDS_ACTIVE_CORE,PDS_CORE_FIXED_25_75_V1,EWY,0.0671875
2018-05,2018-06,PDS_ACTIVE_CORE,PDS_CORE_FIXED_25_75_V1,GLD,0.046875
2018-05,2018-06,PDS_ACTIVE_CORE,PDS_CORE_FIXED_25_75_V1,HYG,0.02187500000000004
2018-05,2018-06,PDS_ACTIVE_CORE,PDS_CORE_FIXED_25_75_V1,IEF,0.046875
2018-05,2018-06,PDS_ACTIVE_CORE,PDS_CORE_FIXED_25_75_V1,IWM,0.09375000000000006
2018-05,2018-06,PDS_ACTIVE_CORE,PDS_CORE_FIXED_25_75_V1,QQQ,0.18437500000000015
2018-05,2018-06,PDS_ACTIVE_CORE,PDS_CORE_FIXED_25_75_V1,SPY,0.17031250000000014
2018-05,2018-06,PDS_ACTIVE_CORE,PDS_CORE_FIXED_25_75_V1,TIP,0.04375000000000008
2018-05,2018-06,PDS_ACTIVE_CORE,PDS_CORE_FIXED_25_75_V1,TLT,0.02187500000000004
2018-05,2018-06,PDS_ACTIVE_CORE,PDS_CORE_FIXED_25_75_V1,VNQ,0.07500000000000015
2018-06,2018-07,PDS_ACTIVE_CORE,PDS_CORE_FIXED_25_75_V1,BIL,0.037499999999999964
2018-06,2018-07,PDS_ACTIVE_CORE,PDS_CORE_FIXED_25_75_V1,DBC,0.11250000000000013
2018-06,2018-07,PDS_ACTIVE_CORE,PDS_CORE_FIXED_25_75_V1,EEM,0.009375000000000001
2018-06,2018-07,PDS_ACTIVE_CORE,PDS_CORE_FIXED_25_75_V1,EFA,0.03125000000000006
2018-06,2018-07,PDS_ACTIVE_CORE,PDS_CORE_FIXED_25_75_V1,EWY,0.0671875
2018-06,2018-07,PDS_ACTIVE_CORE,PDS_CORE_FIXED_25_75_V1,GLD,0.046875
2018-06,2018-07,PDS_ACTIVE_CORE,PDS_CORE_FIXED_25_75_V1,HYG,0.04375000000000008
2018-06,2018-07,PDS_ACTIVE_CORE,PDS_CORE_FIXED_25_75_V1,IEF,0.046875
2018-06,2018-07,PDS_ACTIVE_CORE,PDS_CORE_FIXED_25_75_V1,IWM,0.09375000000000006
2018-06,2018-07,PDS_ACTIVE_CORE,PDS_CORE_FIXED_25_75_V1,QQQ,0.18437500000000015
2018-06,2018-07,PDS_ACTIVE_CORE,PDS_CORE_FIXED_25_75_V1,SPY,0.17031250000000014
2018-06,2018-07,PDS_ACTIVE_CORE,PDS_CORE_FIXED_25_75_V1,TIP,0.08125000000000004
2018-06,2018-07,PDS_ACTIVE_CORE,PDS_CORE_FIXED_25_75_V1,VNQ,0.07500000000000015
2018-07,2018-08,PDS_ACTIVE_CORE,PDS_CORE_FIXED_25_75_V1,BIL,0.02187500000000004
2018-07,2018-08,PDS_ACTIVE_CORE,PDS_CORE_FIXED_25_75_V1,DBC,0.0531250000000001
2018-07,2018-08,PDS_ACTIVE_CORE,PDS_CORE_FIXED_25_75_V1,EEM,0.009375000000000001
2018-07,2018-08,PDS_ACTIVE_CORE,PDS_CORE_FIXED_25_75_V1,EFA,0.03125000000000006
2018-07,2018-08,PDS_ACTIVE_CORE,PDS_CORE_FIXED_25_75_V1,EWY,0.004687500000000001
2018-07,2018-08,PDS_ACTIVE_CORE,PDS_CORE_FIXED_25_75_V1,GLD,0.046875
2018-07,2018-08,PDS_ACTIVE_CORE,PDS_CORE_FIXED_25_75_V1,HYG,0.04375000000000008
2018-07,2018-08,PDS_ACTIVE_CORE,PDS_CORE_FIXED_25_75_V1,IEF,0.046875
2018-07,2018-08,PDS_ACTIVE_CORE,PDS_CORE_FIXED_25_75_V1,IWM,0.09375000000000006
2018-07,2018-08,PDS_ACTIVE_CORE,PDS_CORE_FIXED_25_75_V1,LQD,0.02187500000000004
2018-07,2018-08,PDS_ACTIVE_CORE,PDS_CORE_FIXED_25_75_V1,QQQ,0.2968750000000001
2018-07,2018-08,PDS_ACTIVE_CORE,PDS_CORE_FIXED_25_75_V1,SPY,0.17031250000000014
2018-07,2018-08,PDS_ACTIVE_CORE,PDS_CORE_FIXED_25_75_V1,TIP,0.04375000000000008
2018-07,2018-08,PDS_ACTIVE_CORE,PDS_CORE_FIXED_25_75_V1,TLT,0.0625
2018-07,2018-08,PDS_ACTIVE_CORE,PDS_CORE_FIXED_25_75_V1,VNQ,0.0531250000000001
2018-08,2018-09,PDS_ACTIVE_CORE,PDS_CORE_FIXED_25_75_V1,BIL,0.037499999999999964
2018-08,2018-09,PDS_ACTIVE_CORE,PDS_CORE_FIXED_25_75_V1,DBC,0.09062500000000007
2018-08,2018-09,PDS_ACTIVE_CORE,PDS_CORE_FIXED_25_75_V1,EEM,0.071875
2018-08,2018-09,PDS_ACTIVE_CORE,PDS_CORE_FIXED_25_75_V1,EWY,0.004687500000000001
2018-08,2018-09,PDS_ACTIVE_CORE,PDS_CORE_FIXED_25_75_V1,GLD,0.046875
2018-08,2018-09,PDS_ACTIVE_CORE,PDS_CORE_FIXED_25_75_V1,HYG,0.04375000000000008
2018-08,2018-09,PDS_ACTIVE_CORE,PDS_CORE_FIXED_25_75_V1,IEF,0.046875
2018-08,2018-09,PDS_ACTIVE_CORE,PDS_CORE_FIXED_25_75_V1,IWM,0.09375000000000006
2018-08,2018-09,PDS_ACTIVE_CORE,PDS_CORE_FIXED_25_75_V1,QQQ,0.18437500000000015
2018-08,2018-09,PDS_ACTIVE_CORE,PDS_CORE_FIXED_25_75_V1,SPY,0.17031250000000014
2018-08,2018-09,PDS_ACTIVE_CORE,PDS_CORE_FIXED_25_75_V1,TIP,0.08125000000000004
2018-08,2018-09,PDS_ACTIVE_CORE,PDS_CORE_FIXED_25_75_V1,TLT,0.0531250000000001
2018-08,2018-09,PDS_ACTIVE_CORE,PDS_CORE_FIXED_25_75_V1,VNQ,0.07500000000000015
2018-09,2018-10,PDS_ACTIVE_CORE,PDS_CORE_FIXED_25_75_V1,BIL,0.28437500000000004
2018-09,2018-10,PDS_ACTIVE_CORE,PDS_CORE_FIXED_25_75_V1,DBC,0.08125000000000004
2018-09,2018-10,PDS_ACTIVE_CORE,PDS_CORE_FIXED_25_75_V1,EEM,0.009375000000000001
2018-09,2018-10,PDS_ACTIVE_CORE,PDS_CORE_FIXED_25_75_V1,EWY,0.0671875
2018-09,2018-10,PDS_ACTIVE_CORE,PDS_CORE_FIXED_25_75_V1,GLD,0.046875
2018-09,2018-10,PDS_ACTIVE_CORE,PDS_CORE_FIXED_25_75_V1,HYG,0.04375000000000008
2018-09,2018-10,PDS_ACTIVE_CORE,PDS_CORE_FIXED_25_75_V1,IEF,0.046875
2018-09,2018-10,PDS_ACTIVE_CORE,PDS_CORE_FIXED_25_75_V1,IWM,0.0625
2018-09,2018-10,PDS_ACTIVE_CORE,PDS_CORE_FIXED_25_75_V1,LQD,0.02187500000000004
2018-09,2018-10,PDS_ACTIVE_CORE,PDS_CORE_FIXED_25_75_V1,QQQ,0.15312500000000007
2018-09,2018-10,PDS_ACTIVE_CORE,PDS_CORE_FIXED_25_75_V1,SPY,0.1390625000000001
2018-09,2018-10,PDS_ACTIVE_CORE,PDS_CORE_FIXED_25_75_V1,VNQ,0.04375000000000008
2018-10,2018-11,PDS_ACTIVE_CORE,PDS_CORE_FIXED_25_75_V1,BIL,0.47499999999999987
2018-10,2018-11,PDS_ACTIVE_CORE,PDS_CORE_FIXED_25_75_V1,DBC,0.02187500000000004
2018-10,2018-11,PDS_ACTIVE_CORE,PDS_CORE_FIXED_25_75_V1,EEM,0.009375000000000001
2018-10,2018-11,PDS_ACTIVE_CORE,PDS_CORE_FIXED_25_75_V1,EWY,0.0671875
2018-10,2018-11,PDS_ACTIVE_CORE,PDS_CORE_FIXED_25_75_V1,GLD,0.046875
2018-10,2018-11,PDS_ACTIVE_CORE,PDS_CORE_FIXED_25_75_V1,HYG,0.02187500000000004
2018-10,2018-11,PDS_ACTIVE_CORE,PDS_CORE_FIXED_25_75_V1,IEF,0.046875
2018-10,2018-11,PDS_ACTIVE_CORE,PDS_CORE_FIXED_25_75_V1,IWM,0.0625
2018-10,2018-11,PDS_ACTIVE_CORE,PDS_CORE_FIXED_25_75_V1,QQQ,0.13125000000000003
2018-10,2018-11,PDS_ACTIVE_CORE,PDS_CORE_FIXED_25_75_V1,SPY,0.0953125
2018-10,2018-11,PDS_ACTIVE_CORE,PDS_CORE_FIXED_25_75_V1,VNQ,0.02187500000000004
2018-11,2018-12,PDS_ACTIVE_CORE,PDS_CORE_FIXED_25_75_V1,BIL,0.49687499999999996
2018-11,2018-12,PDS_ACTIVE_CORE,PDS_CORE_FIXED_25_75_V1,EEM,0.009375000000000001
2018-11,2018-12,PDS_ACTIVE_CORE,PDS_CORE_FIXED_25_75_V1,EWY,0.0671875
2018-11,2018-12,PDS_ACTIVE_CORE,PDS_CORE_FIXED_25_75_V1,GLD,0.046875
2018-11,2018-12,PDS_ACTIVE_CORE,PDS_CORE_FIXED_25_75_V1,IEF,0.046875
2018-11,2018-12,PDS_ACTIVE_CORE,PDS_CORE_FIXED_25_75_V1,IWM,0.0625
2018-11,2018-12,PDS_ACTIVE_CORE,PDS_CORE_FIXED_25_75_V1,QQQ,0.109375
2018-11,2018-12,PDS_ACTIVE_CORE,PDS_CORE_FIXED_25_75_V1,SPY,0.11718750000000003
2018-11,2018-12,PDS_ACTIVE_CORE,PDS_CORE_FIXED_25_75_V1,VNQ,0.04375000000000008
2018-12,2019-01,PDS_ACTIVE_CORE,PDS_CORE_FIXED_25_75_V1,AGG,0.037499999999999964
2018-12,2019-01,PDS_ACTIVE_CORE,PDS_CORE_FIXED_25_75_V1,EEM,0.071875
2018-12,2019-01,PDS_ACTIVE_CORE,PDS_CORE_FIXED_25_75_V1,EWY,0.004687500000000001
2018-12,2019-01,PDS_ACTIVE_CORE,PDS_CORE_FIXED_25_75_V1,GLD,0.09062500000000008
2018-12,2019-01,PDS_ACTIVE_CORE,PDS_CORE_FIXED_25_75_V1,IEF,0.271875
2018-12,2019-01,PDS_ACTIVE_CORE,PDS_CORE_FIXED_25_75_V1,IWM,0.0625
2018-12,2019-01,PDS_ACTIVE_CORE,PDS_CORE_FIXED_25_75_V1,LQD,0.02187500000000004
2018-12,2019-01,PDS_ACTIVE_CORE,PDS_CORE_FIXED_25_75_V1,QQQ,0.109375
2018-12,2019-01,PDS_ACTIVE_CORE,PDS_CORE_FIXED_25_75_V1,SHY,0.15312500000000004
2018-12,2019-01,PDS_ACTIVE_CORE,PDS_CORE_FIXED_25_75_V1,SPY,0.032812499999999994
2018-12,2019-01,PDS_ACTIVE_CORE,PDS_CORE_FIXED_25_75_V1,TLT,0.14375000000000004
2019-01,2019-02,PDS_ACTIVE_CORE,PDS_CORE_FIXED_25_75_V1,AGG,0.11249999999999999
2019-01,2019-02,PDS_ACTIVE_CORE,PDS_CORE_FIXED_25_75_V1,EEM,0.0625000000000001
2019-01,2019-02,PDS_ACTIVE_CORE,PDS_CORE_FIXED_25_75_V1,EWY,0.02656250000000004
2019-01,2019-02,PDS_ACTIVE_CORE,PDS_CORE_FIXED_25_75_V1,GLD,0.12187500000000015
2019-01,2019-02,PDS_ACTIVE_CORE,PDS_CORE_FIXED_25_75_V1,HYG,0.02187500000000004
2019-01,2019-02,PDS_ACTIVE_CORE,PDS_CORE_FIXED_25_75_V1,IEF,0.07812500000000006
2019-01,2019-02,PDS_ACTIVE_CORE,PDS_CORE_FIXED_25_75_V1,IWM,0.0625
2019-01,2019-02,PDS_ACTIVE_CORE,PDS_CORE_FIXED_25_75_V1,LQD,0.04375000000000008
2019-01,2019-02,PDS_ACTIVE_CORE,PDS_CORE_FIXED_25_75_V1,QQQ,0.14062500000000006
2019-01,2019-02,PDS_ACTIVE_CORE,PDS_CORE_FIXED_25_75_V1,SPY,0.032812499999999994
2019-01,2019-02,PDS_ACTIVE_CORE,PDS_CORE_FIXED_25_75_V1,TIP,0.02187500000000004
2019-01,2019-02,PDS_ACTIVE_CORE,PDS_CORE_FIXED_25_75_V1,TLT,0.13750000000000015
2019-01,2019-02,PDS_ACTIVE_CORE,PDS_CORE_FIXED_25_75_V1,VNQ,0.13750000000000015
2019-02,2019-03,PDS_ACTIVE_CORE,PDS_CORE_FIXED_25_75_V1,AGG,0.037499999999999964
2019-02,2019-03,PDS_ACTIVE_CORE,PDS_CORE_FIXED_25_75_V1,EEM,0.009375000000000001
2019-02,2019-03,PDS_ACTIVE_CORE,PDS_CORE_FIXED_25_75_V1,EWY,0.004687500000000001
2019-02,2019-03,PDS_ACTIVE_CORE,PDS_CORE_FIXED_25_75_V1,GLD,0.18437500000000015
2019-02,2019-03,PDS_ACTIVE_CORE,PDS_CORE_FIXED_25_75_V1,HYG,0.04375000000000008
2019-02,2019-03,PDS_ACTIVE_CORE,PDS_CORE_FIXED_25_75_V1,IEF,0.11562500000000003
2019-02,2019-03,PDS_ACTIVE_CORE,PDS_CORE_FIXED_25_75_V1,IWM,0.09375000000000006
2019-02,2019-03,PDS_ACTIVE_CORE,PDS_CORE_FIXED_25_75_V1,LQD,0.08125000000000004
2019-02,2019-03,PDS_ACTIVE_CORE,PDS_CORE_FIXED_25_75_V1,QQQ,0.109375
2019-02,2019-03,PDS_ACTIVE_CORE,PDS_CORE_FIXED_25_75_V1,SPY,0.12656250000000008
2019-02,2019-03,PDS_ACTIVE_CORE,PDS_CORE_FIXED_25_75_V1,TIP,0.02187500000000004
2019-02,2019-03,PDS_ACTIVE_CORE,PDS_CORE_FIXED_25_75_V1,TLT,0.07500000000000015
2019-02,2019-03,PDS_ACTIVE_CORE,PDS_CORE_FIXED_25_75_V1,VGK,0.02187500000000004
2019-02,2019-03,PDS_ACTIVE_CORE,PDS_CORE_FIXED_25_75_V1,VNQ,0.07500000000000015
2019-03,2019-04,PDS_ACTIVE_CORE,PDS_CORE_FIXED_25_75_V1,EEM,0.03125000000000004
2019-03,2019-04,PDS_ACTIVE_CORE,PDS_CORE_FIXED_25_75_V1,EWY,0.004687500000000001
2019-03,2019-04,PDS_ACTIVE_CORE,PDS_CORE_FIXED_25_75_V1,GLD,0.06875000000000005
2019-03,2019-04,PDS_ACTIVE_CORE,PDS_CORE_FIXED_25_75_V1,IEF,0.07812500000000006
2019-03,2019-04,PDS_ACTIVE_CORE,PDS_CORE_FIXED_25_75_V1,IWM,0.09375000000000006
2019-03,2019-04,PDS_ACTIVE_CORE,PDS_CORE_FIXED_25_75_V1,LQD,0.04375000000000008
2019-03,2019-04,PDS_ACTIVE_CORE,PDS_CORE_FIXED_25_75_V1,QQQ,0.2750000000000001
2019-03,2019-04,PDS_ACTIVE_CORE,PDS_CORE_FIXED_25_75_V1,SPY,0.17031250000000014
2019-03,2019-04,PDS_ACTIVE_CORE,PDS_CORE_FIXED_25_75_V1,TIP,0.02187500000000004
2019-03,2019-04,PDS_ACTIVE_CORE,PDS_CORE_FIXED_25_75_V1,TLT,0.13750000000000015
2019-03,2019-04,PDS_ACTIVE_CORE,PDS_CORE_FIXED_25_75_V1,VNQ,0.07500000000000015
2019-04,2019-05,PDS_ACTIVE_CORE,PDS_CORE_FIXED_25_75_V1,EEM,0.03125000000000004
2019-04,2019-05,PDS_ACTIVE_CORE,PDS_CORE_FIXED_25_75_V1,EFA,0.03125000000000006
2019-04,2019-05,PDS_ACTIVE_CORE,PDS_CORE_FIXED_25_75_V1,EWY,0.004687500000000001
2019-04,2019-05,PDS_ACTIVE_CORE,PDS_CORE_FIXED_25_75_V1,GLD,0.046875
2019-04,2019-05,PDS_ACTIVE_CORE,PDS_CORE_FIXED_25_75_V1,IEF,0.046875
2019-04,2019-05,PDS_ACTIVE_CORE,PDS_CORE_FIXED_25_75_V1,IWM,0.09375000000000006
2019-04,2019-05,PDS_ACTIVE_CORE,PDS_CORE_FIXED_25_75_V1,LQD,0.04375000000000008
2019-04,2019-05,PDS_ACTIVE_CORE,PDS_CORE_FIXED_25_75_V1,QQQ,0.2968750000000001
2019-04,2019-05,PDS_ACTIVE_CORE,PDS_CORE_FIXED_25_75_V1,SHY,0.02187500000000004
2019-04,2019-05,PDS_ACTIVE_CORE,PDS_CORE_FIXED_25_75_V1,SPY,0.17031250000000014
2019-04,2019-05,PDS_ACTIVE_CORE,PDS_CORE_FIXED_25_75_V1,TIP,0.02187500000000004
2019-04,2019-05,PDS_ACTIVE_CORE,PDS_CORE_FIXED_25_75_V1,TLT,0.1156250000000001
2019-04,2019-05,PDS_ACTIVE_CORE,PDS_CORE_FIXED_25_75_V1,VGK,0.02187500000000004
2019-04,2019-05,PDS_ACTIVE_CORE,PDS_CORE_FIXED_25_75_V1,VNQ,0.0531250000000001
2019-05,2019-06,PDS_ACTIVE_CORE,PDS_CORE_FIXED_25_75_V1,EEM,0.009375000000000001
2019-05,2019-06,PDS_ACTIVE_CORE,PDS_CORE_FIXED_25_75_V1,EWY,0.0671875
2019-05,2019-06,PDS_ACTIVE_CORE,PDS_CORE_FIXED_25_75_V1,GLD,0.12187500000000015
2019-05,2019-06,PDS_ACTIVE_CORE,PDS_CORE_FIXED_25_75_V1,HYG,0.04375000000000008
2019-05,2019-06,PDS_ACTIVE_CORE,PDS_CORE_FIXED_25_75_V1,IEF,0.11562500000000003
2019-05,2019-06,PDS_ACTIVE_CORE,PDS_CORE_FIXED_25_75_V1,IWM,0.0625
2019-05,2019-06,PDS_ACTIVE_CORE,PDS_CORE_FIXED_25_75_V1,LQD,0.08125000000000004
2019-05,2019-06,PDS_ACTIVE_CORE,PDS_CORE_FIXED_25_75_V1,QQQ,0.14062500000000006
2019-05,2019-06,PDS_ACTIVE_CORE,PDS_CORE_FIXED_25_75_V1,SPY,0.12656250000000008
2019-05,2019-06,PDS_ACTIVE_CORE,PDS_CORE_FIXED_25_75_V1,TIP,0.04375000000000008
2019-05,2019-06,PDS_ACTIVE_CORE,PDS_CORE_FIXED_25_75_V1,TLT,0.11250000000000013
2019-05,2019-06,PDS_ACTIVE_CORE,PDS_CORE_FIXED_25_75_V1,VNQ,0.07500000000000015
2019-06,2019-07,PDS_ACTIVE_CORE,PDS_CORE_FIXED_25_75_V1,DBC,0.0625
2019-06,2019-07,PDS_ACTIVE_CORE,PDS_CORE_FIXED_25_75_V1,EEM,0.009375000000000001
2019-06,2019-07,PDS_ACTIVE_CORE,PDS_CORE_FIXED_25_75_V1,EFA,0.03125000000000006
2019-06,2019-07,PDS_ACTIVE_CORE,PDS_CORE_FIXED_25_75_V1,EWY,0.004687500000000001
2019-06,2019-07,PDS_ACTIVE_CORE,PDS_CORE_FIXED_25_75_V1,GLD,0.12187500000000015
2019-06,2019-07,PDS_ACTIVE_CORE,PDS_CORE_FIXED_25_75_V1,IEF,0.046875
2019-06,2019-07,PDS_ACTIVE_CORE,PDS_CORE_FIXED_25_75_V1,IWM,0.0625
2019-06,2019-07,PDS_ACTIVE_CORE,PDS_CORE_FIXED_25_75_V1,LQD,0.04375000000000008
2019-06,2019-07,PDS_ACTIVE_CORE,PDS_CORE_FIXED_25_75_V1,QQQ,0.2968750000000001
2019-06,2019-07,PDS_ACTIVE_CORE,PDS_CORE_FIXED_25_75_V1,SPY,0.1484375000000001
2019-06,2019-07,PDS_ACTIVE_CORE,PDS_CORE_FIXED_25_75_V1,TIP,0.02187500000000004
2019-06,2019-07,PDS_ACTIVE_CORE,PDS_CORE_FIXED_25_75_V1,TLT,0.0531250000000001
2019-06,2019-07,PDS_ACTIVE_CORE,PDS_CORE_FIXED_25_75_V1,VGK,0.02187500000000004
2019-06,2019-07,PDS_ACTIVE_CORE,PDS_CORE_FIXED_25_75_V1,VNQ,0.07500000000000015
2019-07,2019-08,PDS_ACTIVE_CORE,PDS_CORE_FIXED_25_75_V1,EEM,0.009375000000000001
2019-07,2019-08,PDS_ACTIVE_CORE,PDS_CORE_FIXED_25_75_V1,EWY,0.004687500000000001
2019-07,2019-08,PDS_ACTIVE_CORE,PDS_CORE_FIXED_25_75_V1,GLD,0.12187500000000015
2019-07,2019-08,PDS_ACTIVE_CORE,PDS_CORE_FIXED_25_75_V1,IEF,0.11562500000000003
2019-07,2019-08,PDS_ACTIVE_CORE,PDS_CORE_FIXED_25_75_V1,IWM,0.0625
2019-07,2019-08,PDS_ACTIVE_CORE,PDS_CORE_FIXED_25_75_V1,LQD,0.08125000000000004
2019-07,2019-08,PDS_ACTIVE_CORE,PDS_CORE_FIXED_25_75_V1,QQQ,0.18437500000000015
2019-07,2019-08,PDS_ACTIVE_CORE,PDS_CORE_FIXED_25_75_V1,SPY,0.1484375000000001
2019-07,2019-08,PDS_ACTIVE_CORE,PDS_CORE_FIXED_25_75_V1,TIP,0.02187500000000004
2019-07,2019-08,PDS_ACTIVE_CORE,PDS_CORE_FIXED_25_75_V1,TLT,0.17500000000000013
2019-07,2019-08,PDS_ACTIVE_CORE,PDS_CORE_FIXED_25_75_V1,VNQ,0.07500000000000015
2019-08,2019-09,PDS_ACTIVE_CORE,PDS_CORE_FIXED_25_75_V1,EEM,0.009375000000000001
2019-08,2019-09,PDS_ACTIVE_CORE,PDS_CORE_FIXED_25_75_V1,EWY,0.004687500000000001
2019-08,2019-09,PDS_ACTIVE_CORE,PDS_CORE_FIXED_25_75_V1,GLD,0.18437500000000015
2019-08,2019-09,PDS_ACTIVE_CORE,PDS_CORE_FIXED_25_75_V1,IEF,0.11562500000000003
2019-08,2019-09,PDS_ACTIVE_CORE,PDS_CORE_FIXED_25_75_V1,IWM,0.0625
2019-08,2019-09,PDS_ACTIVE_CORE,PDS_CORE_FIXED_25_75_V1,LQD,0.08125000000000004
2019-08,2019-09,PDS_ACTIVE_CORE,PDS_CORE_FIXED_25_75_V1,QQQ,0.18437500000000015
2019-08,2019-09,PDS_ACTIVE_CORE,PDS_CORE_FIXED_25_75_V1,SPY,0.12656250000000008
2019-08,2019-09,PDS_ACTIVE_CORE,PDS_CORE_FIXED_25_75_V1,TIP,0.04375000000000008
2019-08,2019-09,PDS_ACTIVE_CORE,PDS_CORE_FIXED_25_75_V1,TLT,0.11250000000000013
2019-08,2019-09,PDS_ACTIVE_CORE,PDS_CORE_FIXED_25_75_V1,VNQ,0.07500000000000015
2019-09,2019-10,PDS_ACTIVE_CORE,PDS_CORE_FIXED_25_75_V1,EEM,0.009375000000000001
2019-09,2019-10,PDS_ACTIVE_CORE,PDS_CORE_FIXED_25_75_V1,EWY,0.004687500000000001
2019-09,2019-10,PDS_ACTIVE_CORE,PDS_CORE_FIXED_25_75_V1,GLD,0.18437500000000015
2019-09,2019-10,PDS_ACTIVE_CORE,PDS_CORE_FIXED_25_75_V1,IEF,0.11562500000000003
2019-09,2019-10,PDS_ACTIVE_CORE,PDS_CORE_FIXED_25_75_V1,IWM,0.0625
2019-09,2019-10,PDS_ACTIVE_CORE,PDS_CORE_FIXED_25_75_V1,LQD,0.08125000000000004
2019-09,2019-10,PDS_ACTIVE_CORE,PDS_CORE_FIXED_25_75_V1,QQQ,0.1625000000000001
2019-09,2019-10,PDS_ACTIVE_CORE,PDS_CORE_FIXED_25_75_V1,SPY,0.17031250000000014
2019-09,2019-10,PDS_ACTIVE_CORE,PDS_CORE_FIXED_25_75_V1,TIP,0.02187500000000004
2019-09,2019-10,PDS_ACTIVE_CORE,PDS_CORE_FIXED_25_75_V1,TLT,0.11250000000000013
2019-09,2019-10,PDS_ACTIVE_CORE,PDS_CORE_FIXED_25_75_V1,VNQ,0.07500000000000015
2019-10,2019-11,PDS_ACTIVE_CORE,PDS_CORE_FIXED_25_75_V1,EEM,0.009375000000000001
2019-10,2019-11,PDS_ACTIVE_CORE,PDS_CORE_FIXED_25_75_V1,EWY,0.004687500000000001
2019-10,2019-11,PDS_ACTIVE_CORE,PDS_CORE_FIXED_25_75_V1,GLD,0.18437500000000015
2019-10,2019-11,PDS_ACTIVE_CORE,PDS_CORE_FIXED_25_75_V1,IEF,0.07812500000000006
2019-10,2019-11,PDS_ACTIVE_CORE,PDS_CORE_FIXED_25_75_V1,IWM,0.0625
2019-10,2019-11,PDS_ACTIVE_CORE,PDS_CORE_FIXED_25_75_V1,LQD,0.04375000000000008
2019-10,2019-11,PDS_ACTIVE_CORE,PDS_CORE_FIXED_25_75_V1,QQQ,0.2750000000000001
2019-10,2019-11,PDS_ACTIVE_CORE,PDS_CORE_FIXED_25_75_V1,SPY,0.1484375000000001
2019-10,2019-11,PDS_ACTIVE_CORE,PDS_CORE_FIXED_25_75_V1,TIP,0.02187500000000004
2019-10,2019-11,PDS_ACTIVE_CORE,PDS_CORE_FIXED_25_75_V1,TLT,0.07500000000000015
2019-10,2019-11,PDS_ACTIVE_CORE,PDS_CORE_FIXED_25_75_V1,VGK,0.02187500000000004
2019-10,2019-11,PDS_ACTIVE_CORE,PDS_CORE_FIXED_25_75_V1,VNQ,0.07500000000000015
2019-11,2019-12,PDS_ACTIVE_CORE,PDS_CORE_FIXED_25_75_V1,EEM,0.03125000000000004
2019-11,2019-12,PDS_ACTIVE_CORE,PDS_CORE_FIXED_25_75_V1,EFA,0.03125000000000006
2019-11,2019-12,PDS_ACTIVE_CORE,PDS_CORE_FIXED_25_75_V1,EWY,0.02656250000000004
2019-11,2019-12,PDS_ACTIVE_CORE,PDS_CORE_FIXED_25_75_V1,GLD,0.109375
2019-11,2019-12,PDS_ACTIVE_CORE,PDS_CORE_FIXED_25_75_V1,IEF,0.046875
2019-11,2019-12,PDS_ACTIVE_CORE,PDS_CORE_FIXED_25_75_V1,IWM,0.09375000000000006
2019-11,2019-12,PDS_ACTIVE_CORE,PDS_CORE_FIXED_25_75_V1,LQD,0.02187500000000004
2019-11,2019-12,PDS_ACTIVE_CORE,PDS_CORE_FIXED_25_75_V1,QQQ,0.2968750000000001
2019-11,2019-12,PDS_ACTIVE_CORE,PDS_CORE_FIXED_25_75_V1,SPY,0.17031250000000014
2019-11,2019-12,PDS_ACTIVE_CORE,PDS_CORE_FIXED_25_75_V1,TLT,0.0531250000000001
2019-11,2019-12,PDS_ACTIVE_CORE,PDS_CORE_FIXED_25_75_V1,VGK,0.04375000000000008
2019-11,2019-12,PDS_ACTIVE_CORE,PDS_CORE_FIXED_25_75_V1,VNQ,0.07500000000000015
2019-12,2020-01,PDS_ACTIVE_CORE,PDS_CORE_FIXED_25_75_V1,DBC,0.02187500000000004
2019-12,2020-01,PDS_ACTIVE_CORE,PDS_CORE_FIXED_25_75_V1,EEM,0.0625000000000001
2019-12,2020-01,PDS_ACTIVE_CORE,PDS_CORE_FIXED_25_75_V1,EFA,0.03125000000000006
2019-12,2020-01,PDS_ACTIVE_CORE,PDS_CORE_FIXED_25_75_V1,EWY,0.02656250000000004
2019-12,2020-01,PDS_ACTIVE_CORE,PDS_CORE_FIXED_25_75_V1,GLD,0.13125000000000003
2019-12,2020-01,PDS_ACTIVE_CORE,PDS_CORE_FIXED_25_75_V1,IEF,0.046875
2019-12,2020-01,PDS_ACTIVE_CORE,PDS_CORE_FIXED_25_75_V1,IWM,0.09375000000000006
2019-12,2020-01,PDS_ACTIVE_CORE,PDS_CORE_FIXED_25_75_V1,LQD,0.02187500000000004
2019-12,2020-01,PDS_ACTIVE_CORE,PDS_CORE_FIXED_25_75_V1,QQQ,0.2343750000000001
2019-12,2020-01,PDS_ACTIVE_CORE,PDS_CORE_FIXED_25_75_V1,SPY,0.17031250000000014
2019-12,2020-01,PDS_ACTIVE_CORE,PDS_CORE_FIXED_25_75_V1,TLT,0.0625
2019-12,2020-01,PDS_ACTIVE_CORE,PDS_CORE_FIXED_25_75_V1,VGK,0.04375000000000008
2019-12,2020-01,PDS_ACTIVE_CORE,PDS_CORE_FIXED_25_75_V1,VNQ,0.0531250000000001
2020-01,2020-02,PDS_ACTIVE_CORE,PDS_CORE_FIXED_25_75_V1,EEM,0.009375000000000001
2020-01,2020-02,PDS_ACTIVE_CORE,PDS_CORE_FIXED_25_75_V1,EWY,0.004687500000000001
2020-01,2020-02,PDS_ACTIVE_CORE,PDS_CORE_FIXED_25_75_V1,GLD,0.18437500000000015
2020-01,2020-02,PDS_ACTIVE_CORE,PDS_CORE_FIXED_25_75_V1,IEF,0.11562500000000003
2020-01,2020-02,PDS_ACTIVE_CORE,PDS_CORE_FIXED_25_75_V1,IWM,0.0625
2020-01,2020-02,PDS_ACTIVE_CORE,PDS_CORE_FIXED_25_75_V1,LQD,0.08125000000000004
2020-01,2020-02,PDS_ACTIVE_CORE,PDS_CORE_FIXED_25_75_V1,QQQ,0.12187500000000015
2020-01,2020-02,PDS_ACTIVE_CORE,PDS_CORE_FIXED_25_75_V1,SPY,0.17031250000000014
2020-01,2020-02,PDS_ACTIVE_CORE,PDS_CORE_FIXED_25_75_V1,TIP,0.02187500000000004
2020-01,2020-02,PDS_ACTIVE_CORE,PDS_CORE_FIXED_25_75_V1,TLT,0.17500000000000013
2020-01,2020-02,PDS_ACTIVE_CORE,PDS_CORE_FIXED_25_75_V1,VNQ,0.0531250000000001
2020-02,2020-03,PDS_ACTIVE_CORE,PDS_CORE_FIXED_25_75_V1,EEM,0.040625000000000064
2020-02,2020-03,PDS_ACTIVE_CORE,PDS_CORE_FIXED_25_75_V1,EWY,0.004687500000000001
2020-02,2020-03,PDS_ACTIVE_CORE,PDS_CORE_FIXED_25_75_V1,GLD,0.18437500000000015
2020-02,2020-03,PDS_ACTIVE_CORE,PDS_CORE_FIXED_25_75_V1,HYG,0.02187500000000004
2020-02,2020-03,PDS_ACTIVE_CORE,PDS_CORE_FIXED_25_75_V1,IEF,0.11562500000000003
2020-02,2020-03,PDS_ACTIVE_CORE,PDS_CORE_FIXED_25_75_V1,IWM,0.0625
2020-02,2020-03,PDS_ACTIVE_CORE,PDS_CORE_FIXED_25_75_V1,LQD,0.08125000000000004
2020-02,2020-03,PDS_ACTIVE_CORE,PDS_CORE_FIXED_25_75_V1,QQQ,0.18437500000000015
2020-02,2020-03,PDS_ACTIVE_CORE,PDS_CORE_FIXED_25_75_V1,SHY,0.02187500000000004
2020-02,2020-03,PDS_ACTIVE_CORE,PDS_CORE_FIXED_25_75_V1,SPY,0.06406250000000006
2020-02,2020-03,PDS_ACTIVE_CORE,PDS_CORE_FIXED_25_75_V1,TIP,0.04375000000000008
2020-02,2020-03,PDS_ACTIVE_CORE,PDS_CORE_FIXED_25_75_V1,TLT,0.17500000000000013
2020-03,2020-04,PDS_ACTIVE_CORE,PDS_CORE_FIXED_25_75_V1,AGG,0.037499999999999964
2020-03,2020-04,PDS_ACTIVE_CORE,PDS_CORE_FIXED_25_75_V1,EEM,0.009375000000000001
2020-03,2020-04,PDS_ACTIVE_CORE,PDS_CORE_FIXED_25_75_V1,EFA,0.03125000000000006
2020-03,2020-04,PDS_ACTIVE_CORE,PDS_CORE_FIXED_25_75_V1,EWY,0.0671875
2020-03,2020-04,PDS_ACTIVE_CORE,PDS_CORE_FIXED_25_75_V1,GLD,0.18437500000000015
2020-03,2020-04,PDS_ACTIVE_CORE,PDS_CORE_FIXED_25_75_V1,IEF,0.11562500000000003
2020-03,2020-04,PDS_ACTIVE_CORE,PDS_CORE_FIXED_25_75_V1,IWM,0.0625
2020-03,2020-04,PDS_ACTIVE_CORE,PDS_CORE_FIXED_25_75_V1,LQD,0.02187500000000004
2020-03,2020-04,PDS_ACTIVE_CORE,PDS_CORE_FIXED_25_75_V1,QQQ,0.07812500000000006
2020-03,2020-04,PDS_ACTIVE_CORE,PDS_CORE_FIXED_25_75_V1,SHY,0.10937499999999994
2020-03,2020-04,PDS_ACTIVE_CORE,PDS_CORE_FIXED_25_75_V1,SPY,0.06406250000000006
2020-03,2020-04,PDS_ACTIVE_CORE,PDS_CORE_FIXED_25_75_V1,TIP,0.04375000000000008
2020-03,2020-04,PDS_ACTIVE_CORE,PDS_CORE_FIXED_25_75_V1,TLT,0.11250000000000013
2020-03,2020-04,PDS_ACTIVE_CORE,PDS_CORE_FIXED_25_75_V1,VNQ,0.0625
2020-04,2020-05,PDS_ACTIVE_CORE,PDS_CORE_FIXED_25_75_V1,AGG,0.037499999999999964
2020-04,2020-05,PDS_ACTIVE_CORE,PDS_CORE_FIXED_25_75_V1,EEM,0.009375000000000001
2020-04,2020-05,PDS_ACTIVE_CORE,PDS_CORE_FIXED_25_75_V1,EWY,0.03593750000000006
2020-04,2020-05,PDS_ACTIVE_CORE,PDS_CORE_FIXED_25_75_V1,GLD,0.18437500000000015
2020-04,2020-05,PDS_ACTIVE_CORE,PDS_CORE_FIXED_25_75_V1,IEF,0.11562500000000003
2020-04,2020-05,PDS_ACTIVE_CORE,PDS_CORE_FIXED_25_75_V1,IWM,0.0625
2020-04,2020-05,PDS_ACTIVE_CORE,PDS_CORE_FIXED_25_75_V1,LQD,0.04375000000000008
2020-04,2020-05,PDS_ACTIVE_CORE,PDS_CORE_FIXED_25_75_V1,QQQ,0.07500000000000015
2020-04,2020-05,PDS_ACTIVE_CORE,PDS_CORE_FIXED_25_75_V1,SHY,0.06875000000000005
2020-04,2020-05,PDS_ACTIVE_CORE,PDS_CORE_FIXED_25_75_V1,SPY,0.1484375000000001
2020-04,2020-05,PDS_ACTIVE_CORE,PDS_CORE_FIXED_25_75_V1,TIP,0.04375000000000008
2020-04,2020-05,PDS_ACTIVE_CORE,PDS_CORE_FIXED_25_75_V1,TLT,0.11250000000000013
2020-04,2020-05,PDS_ACTIVE_CORE,PDS_CORE_FIXED_25_75_V1,VNQ,0.0625
2020-05,2020-06,PDS_ACTIVE_CORE,PDS_CORE_FIXED_25_75_V1,EEM,0.009375000000000001
2020-05,2020-06,PDS_ACTIVE_CORE,PDS_CORE_FIXED_25_75_V1,EWY,0.03593750000000006
2020-05,2020-06,PDS_ACTIVE_CORE,PDS_CORE_FIXED_25_75_V1,GLD,0.12187500000000015
2020-05,2020-06,PDS_ACTIVE_CORE,PDS_CORE_FIXED_25_75_V1,IEF,0.11562500000000003
2020-05,2020-06,PDS_ACTIVE_CORE,PDS_CORE_FIXED_25_75_V1,IWM,0.0625
2020-05,2020-06,PDS_ACTIVE_CORE,PDS_CORE_FIXED_25_75_V1,LQD,0.08125000000000004
2020-05,2020-06,PDS_ACTIVE_CORE,PDS_CORE_FIXED_25_75_V1,QQQ,0.18437500000000015
2020-05,2020-06,PDS_ACTIVE_CORE,PDS_CORE_FIXED_25_75_V1,SPY,0.17031250000000014
2020-05,2020-06,PDS_ACTIVE_CORE,PDS_CORE_FIXED_25_75_V1,TIP,0.04375000000000008
2020-05,2020-06,PDS_ACTIVE_CORE,PDS_CORE_FIXED_25_75_V1,TLT,0.11250000000000013
2020-05,2020-06,PDS_ACTIVE_CORE,PDS_CORE_FIXED_25_75_V1,VNQ,0.0625
2020-06,2020-07,PDS_ACTIVE_CORE,PDS_CORE_FIXED_25_75_V1,EEM,0.009375000000000001
2020-06,2020-07,PDS_ACTIVE_CORE,PDS_CORE_FIXED_25_75_V1,EWY,0.05781250000000011
2020-06,2020-07,PDS_ACTIVE_CORE,PDS_CORE_FIXED_25_75_V1,GLD,0.12187500000000015
2020-06,2020-07,PDS_ACTIVE_CORE,PDS_CORE_FIXED_25_75_V1,IEF,0.07812500000000006
2020-06,2020-07,PDS_ACTIVE_CORE,PDS_CORE_FIXED_25_75_V1,IWM,0.0625
2020-06,2020-07,PDS_ACTIVE_CORE,PDS_CORE_FIXED_25_75_V1,LQD,0.04375000000000008
2020-06,2020-07,PDS_ACTIVE_CORE,PDS_CORE_FIXED_25_75_V1,QQQ,0.2968750000000001
2020-06,2020-07,PDS_ACTIVE_CORE,PDS_CORE_FIXED_25_75_V1,SPY,0.17031250000000014
2020-06,2020-07,PDS_ACTIVE_CORE,PDS_CORE_FIXED_25_75_V1,TIP,0.02187500000000004
2020-06,2020-07,PDS_ACTIVE_CORE,PDS_CORE_FIXED_25_75_V1,TLT,0.07500000000000015
2020-06,2020-07,PDS_ACTIVE_CORE,PDS_CORE_FIXED_25_75_V1,VNQ,0.0625
2020-07,2020-08,PDS_ACTIVE_CORE,PDS_CORE_FIXED_25_75_V1,EEM,0.0625000000000001
2020-07,2020-08,PDS_ACTIVE_CORE,PDS_CORE_FIXED_25_75_V1,EWY,0.07968750000000016
2020-07,2020-08,PDS_ACTIVE_CORE,PDS_CORE_FIXED_25_75_V1,GLD,0.12187500000000015
2020-07,2020-08,PDS_ACTIVE_CORE,PDS_CORE_FIXED_25_75_V1,IEF,0.046875
2020-07,2020-08,PDS_ACTIVE_CORE,PDS_CORE_FIXED_25_75_V1,IWM,0.0625
2020-07,2020-08,PDS_ACTIVE_CORE,PDS_CORE_FIXED_25_75_V1,LQD,0.02187500000000004
2020-07,2020-08,PDS_ACTIVE_CORE,PDS_CORE_FIXED_25_75_V1,QQQ,0.2968750000000001
2020-07,2020-08,PDS_ACTIVE_CORE,PDS_CORE_FIXED_25_75_V1,SPY,0.1484375000000001
2020-07,2020-08,PDS_ACTIVE_CORE,PDS_CORE_FIXED_25_75_V1,TIP,0.02187500000000004
2020-07,2020-08,PDS_ACTIVE_CORE,PDS_CORE_FIXED_25_75_V1,TLT,0.07500000000000015
2020-07,2020-08,PDS_ACTIVE_CORE,PDS_CORE_FIXED_25_75_V1,VNQ,0.0625
2020-08,2020-09,PDS_ACTIVE_CORE,PDS_CORE_FIXED_25_75_V1,EEM,0.0625000000000001
2020-08,2020-09,PDS_ACTIVE_CORE,PDS_CORE_FIXED_25_75_V1,EFA,0.0625
2020-08,2020-09,PDS_ACTIVE_CORE,PDS_CORE_FIXED_25_75_V1,EWY,0.05781250000000011
2020-08,2020-09,PDS_ACTIVE_CORE,PDS_CORE_FIXED_25_75_V1,GLD,0.18437500000000015
2020-08,2020-09,PDS_ACTIVE_CORE,PDS_CORE_FIXED_25_75_V1,IEF,0.046875
2020-08,2020-09,PDS_ACTIVE_CORE,PDS_CORE_FIXED_25_75_V1,IWM,0.09375000000000006
2020-08,2020-09,PDS_ACTIVE_CORE,PDS_CORE_FIXED_25_75_V1,LQD,0.02187500000000004
2020-08,2020-09,PDS_ACTIVE_CORE,PDS_CORE_FIXED_25_75_V1,QQQ,0.2343750000000001
2020-08,2020-09,PDS_ACTIVE_CORE,PDS_CORE_FIXED_25_75_V1,SPY,0.17031250000000014
2020-08,2020-09,PDS_ACTIVE_CORE,PDS_CORE_FIXED_25_75_V1,TIP,0.02187500000000004
2020-08,2020-09,PDS_ACTIVE_CORE,PDS_CORE_FIXED_25_75_V1,TLT,0.02187500000000004
2020-08,2020-09,PDS_ACTIVE_CORE,PDS_CORE_FIXED_25_75_V1,VGK,0.02187500000000004
2020-09,2020-10,PDS_ACTIVE_CORE,PDS_CORE_FIXED_25_75_V1,EEM,0.08437500000000014
2020-09,2020-10,PDS_ACTIVE_CORE,PDS_CORE_FIXED_25_75_V1,EFA,0.0625
2020-09,2020-10,PDS_ACTIVE_CORE,PDS_CORE_FIXED_25_75_V1,EWY,0.07968750000000016
2020-09,2020-10,PDS_ACTIVE_CORE,PDS_CORE_FIXED_25_75_V1,GLD,0.1625000000000001
2020-09,2020-10,PDS_ACTIVE_CORE,PDS_CORE_FIXED_25_75_V1,IEF,0.046875
2020-09,2020-10,PDS_ACTIVE_CORE,PDS_CORE_FIXED_25_75_V1,IWM,0.03125000000000006
2020-09,2020-10,PDS_ACTIVE_CORE,PDS_CORE_FIXED_25_75_V1,LQD,0.02187500000000004
2020-09,2020-10,PDS_ACTIVE_CORE,PDS_CORE_FIXED_25_75_V1,QQQ,0.2343750000000001
2020-09,2020-10,PDS_ACTIVE_CORE,PDS_CORE_FIXED_25_75_V1,SPY,0.17031250000000014
2020-09,2020-10,PDS_ACTIVE_CORE,PDS_CORE_FIXED_25_75_V1,TLT,0.0625
2020-09,2020-10,PDS_ACTIVE_CORE,PDS_CORE_FIXED_25_75_V1,VGK,0.04375000000000008
2020-10,2020-11,PDS_ACTIVE_CORE,PDS_CORE_FIXED_25_75_V1,DBC,0.02187500000000004
2020-10,2020-11,PDS_ACTIVE_CORE,PDS_CORE_FIXED_25_75_V1,EEM,0.08437500000000014
2020-10,2020-11,PDS_ACTIVE_CORE,PDS_CORE_FIXED_25_75_V1,EFA,0.0625
2020-10,2020-11,PDS_ACTIVE_CORE,PDS_CORE_FIXED_25_75_V1,EWY,0.07968750000000016
2020-10,2020-11,PDS_ACTIVE_CORE,PDS_CORE_FIXED_25_75_V1,GLD,0.14062500000000006
2020-10,2020-11,PDS_ACTIVE_CORE,PDS_CORE_FIXED_25_75_V1,HYG,0.04375000000000008
2020-10,2020-11,PDS_ACTIVE_CORE,PDS_CORE_FIXED_25_75_V1,IEF,0.08437499999999996
2020-10,2020-11,PDS_ACTIVE_CORE,PDS_CORE_FIXED_25_75_V1,IWM,0.09375000000000006
2020-10,2020-11,PDS_ACTIVE_CORE,PDS_CORE_FIXED_25_75_V1,LQD,0.059375
2020-10,2020-11,PDS_ACTIVE_CORE,PDS_CORE_FIXED_25_75_V1,QQQ,0.12187500000000015
2020-10,2020-11,PDS_ACTIVE_CORE,PDS_CORE_FIXED_25_75_V1,SPY,0.1484375000000001
2020-10,2020-11,PDS_ACTIVE_CORE,PDS_CORE_FIXED_25_75_V1,TIP,0.059375
2020-11,2020-12,PDS_ACTIVE_CORE,PDS_CORE_FIXED_25_75_V1,DBC,0.02187500000000004
2020-11,2020-12,PDS_ACTIVE_CORE,PDS_CORE_FIXED_25_75_V1,EEM,0.08437500000000014
2020-11,2020-12,PDS_ACTIVE_CORE,PDS_CORE_FIXED_25_75_V1,EFA,0.03125000000000006
2020-11,2020-12,PDS_ACTIVE_CORE,PDS_CORE_FIXED_25_75_V1,EWY,0.07968750000000016
2020-11,2020-12,PDS_ACTIVE_CORE,PDS_CORE_FIXED_25_75_V1,GLD,0.109375
2020-11,2020-12,PDS_ACTIVE_CORE,PDS_CORE_FIXED_25_75_V1,HYG,0.02187500000000004
2020-11,2020-12,PDS_ACTIVE_CORE,PDS_CORE_FIXED_25_75_V1,IEF,0.046875
2020-11,2020-12,PDS_ACTIVE_CORE,PDS_CORE_FIXED_25_75_V1,IWM,0.09375000000000006
2020-11,2020-12,PDS_ACTIVE_CORE,PDS_CORE_FIXED_25_75_V1,LQD,0.02187500000000004
2020-11,2020-12,PDS_ACTIVE_CORE,PDS_CORE_FIXED_25_75_V1,QQQ,0.2343750000000001
2020-11,2020-12,PDS_ACTIVE_CORE,PDS_CORE_FIXED_25_75_V1,SPY,0.1484375000000001
2020-11,2020-12,PDS_ACTIVE_CORE,PDS_CORE_FIXED_25_75_V1,TIP,0.02187500000000004
2020-11,2020-12,PDS_ACTIVE_CORE,PDS_CORE_FIXED_25_75_V1,VGK,0.02187500000000004
2020-11,2020-12,PDS_ACTIVE_CORE,PDS_CORE_FIXED_25_75_V1,VNQ,0.0625
2020-12,2021-01,PDS_ACTIVE_CORE,PDS_CORE_FIXED_25_75_V1,DBC,0.02187500000000004
2020-12,2021-01,PDS_ACTIVE_CORE,PDS_CORE_FIXED_25_75_V1,EEM,0.08437500000000014
2020-12,2021-01,PDS_ACTIVE_CORE,PDS_CORE_FIXED_25_75_V1,EFA,0.03125000000000006
2020-12,2021-01,PDS_ACTIVE_CORE,PDS_CORE_FIXED_25_75_V1,EWY,0.07968750000000016
2020-12,2021-01,PDS_ACTIVE_CORE,PDS_CORE_FIXED_25_75_V1,GLD,0.06875000000000005
2020-12,2021-01,PDS_ACTIVE_CORE,PDS_CORE_FIXED_25_75_V1,HYG,0.02187500000000004
2020-12,2021-01,PDS_ACTIVE_CORE,PDS_CORE_FIXED_25_75_V1,IEF,0.046875
2020-12,2021-01,PDS_ACTIVE_CORE,PDS_CORE_FIXED_25_75_V1,IWM,0.09375000000000006
2020-12,2021-01,PDS_ACTIVE_CORE,PDS_CORE_FIXED_25_75_V1,LQD,0.02187500000000004
2020-12,2021-01,PDS_ACTIVE_CORE,PDS_CORE_FIXED_25_75_V1,QQQ,0.2968750000000001
2020-12,2021-01,PDS_ACTIVE_CORE,PDS_CORE_FIXED_25_75_V1,SPY,0.1484375000000001
2020-12,2021-01,PDS_ACTIVE_CORE,PDS_CORE_FIXED_25_75_V1,VGK,0.02187500000000004
2020-12,2021-01,PDS_ACTIVE_CORE,PDS_CORE_FIXED_25_75_V1,VNQ,0.0625
2021-01,2021-02,PDS_ACTIVE_CORE,PDS_CORE_FIXED_25_75_V1,DBC,0.09062500000000007
2021-01,2021-02,PDS_ACTIVE_CORE,PDS_CORE_FIXED_25_75_V1,EEM,0.08437500000000014
2021-01,2021-02,PDS_ACTIVE_CORE,PDS_CORE_FIXED_25_75_V1,EFA,0.03125000000000006
2021-01,2021-02,PDS_ACTIVE_CORE,PDS_CORE_FIXED_25_75_V1,EWY,0.14218750000000016
2021-01,2021-02,PDS_ACTIVE_CORE,PDS_CORE_FIXED_25_75_V1,GLD,0.046875
2021-01,2021-02,PDS_ACTIVE_CORE,PDS_CORE_FIXED_25_75_V1,HYG,0.02187500000000004
2021-01,2021-02,PDS_ACTIVE_CORE,PDS_CORE_FIXED_25_75_V1,IEF,0.046875
2021-01,2021-02,PDS_ACTIVE_CORE,PDS_CORE_FIXED_25_75_V1,IWM,0.09375000000000006
2021-01,2021-02,PDS_ACTIVE_CORE,PDS_CORE_FIXED_25_75_V1,LQD,0.059375
2021-01,2021-02,PDS_ACTIVE_CORE,PDS_CORE_FIXED_25_75_V1,QQQ,0.18437500000000015
2021-01,2021-02,PDS_ACTIVE_CORE,PDS_CORE_FIXED_25_75_V1,SPY,0.1390625000000001
2021-01,2021-02,PDS_ACTIVE_CORE,PDS_CORE_FIXED_25_75_V1,TIP,0.037499999999999964
2021-01,2021-02,PDS_ACTIVE_CORE,PDS_CORE_FIXED_25_75_V1,VGK,0.02187500000000004
2021-02,2021-03,PDS_ACTIVE_CORE,PDS_CORE_FIXED_25_75_V1,DBC,0.11250000000000013
2021-02,2021-03,PDS_ACTIVE_CORE,PDS_CORE_FIXED_25_75_V1,EEM,0.08437500000000014
2021-02,2021-03,PDS_ACTIVE_CORE,PDS_CORE_FIXED_25_75_V1,EWY,0.07968750000000016
2021-02,2021-03,PDS_ACTIVE_CORE,PDS_CORE_FIXED_25_75_V1,GLD,0.046875
2021-02,2021-03,PDS_ACTIVE_CORE,PDS_CORE_FIXED_25_75_V1,HYG,0.02187500000000004
2021-02,2021-03,PDS_ACTIVE_CORE,PDS_CORE_FIXED_25_75_V1,IEF,0.046875
2021-02,2021-03,PDS_ACTIVE_CORE,PDS_CORE_FIXED_25_75_V1,IWM,0.09375000000000006
2021-02,2021-03,PDS_ACTIVE_CORE,PDS_CORE_FIXED_25_75_V1,LQD,0.037499999999999964
2021-02,2021-03,PDS_ACTIVE_CORE,PDS_CORE_FIXED_25_75_V1,QQQ,0.14062500000000006
2021-02,2021-03,PDS_ACTIVE_CORE,PDS_CORE_FIXED_25_75_V1,SPY,0.1484375000000001
2021-02,2021-03,PDS_ACTIVE_CORE,PDS_CORE_FIXED_25_75_V1,TIP,0.059375
2021-02,2021-03,PDS_ACTIVE_CORE,PDS_CORE_FIXED_25_75_V1,VGK,0.02187500000000004
2021-02,2021-03,PDS_ACTIVE_CORE,PDS_CORE_FIXED_25_75_V1,VNQ,0.10625000000000008
2021-03,2021-04,PDS_ACTIVE_CORE,PDS_CORE_FIXED_25_75_V1,BIL,0.037499999999999964
2021-03,2021-04,PDS_ACTIVE_CORE,PDS_CORE_FIXED_25_75_V1,DBC,0.11250000000000013
2021-03,2021-04,PDS_ACTIVE_CORE,PDS_CORE_FIXED_25_75_V1,EEM,0.08437500000000014
2021-03,2021-04,PDS_ACTIVE_CORE,PDS_CORE_FIXED_25_75_V1,EWY,0.07968750000000016
2021-03,2021-04,PDS_ACTIVE_CORE,PDS_CORE_FIXED_25_75_V1,GLD,0.109375
2021-03,2021-04,PDS_ACTIVE_CORE,PDS_CORE_FIXED_25_75_V1,IEF,0.046875
2021-03,2021-04,PDS_ACTIVE_CORE,PDS_CORE_FIXED_25_75_V1,IWM,0.09375000000000006
2021-03,2021-04,PDS_ACTIVE_CORE,PDS_CORE_FIXED_25_75_V1,QQQ,0.14062500000000006
2021-03,2021-04,PDS_ACTIVE_CORE,PDS_CORE_FIXED_25_75_V1,SPY,0.17031250000000014
2021-03,2021-04,PDS_ACTIVE_CORE,PDS_CORE_FIXED_25_75_V1,TIP,0.059375
2021-03,2021-04,PDS_ACTIVE_CORE,PDS_CORE_FIXED_25_75_V1,VGK,0.02187500000000004
2021-03,2021-04,PDS_ACTIVE_CORE,PDS_CORE_FIXED_25_75_V1,VNQ,0.04375000000000008
2021-04,2021-05,PDS_ACTIVE_CORE,PDS_CORE_FIXED_25_75_V1,BIL,0.037499999999999964
2021-04,2021-05,PDS_ACTIVE_CORE,PDS_CORE_FIXED_25_75_V1,DBC,0.17500000000000013
2021-04,2021-05,PDS_ACTIVE_CORE,PDS_CORE_FIXED_25_75_V1,EEM,0.03125000000000004
2021-04,2021-05,PDS_ACTIVE_CORE,PDS_CORE_FIXED_25_75_V1,EWY,0.07968750000000016
2021-04,2021-05,PDS_ACTIVE_CORE,PDS_CORE_FIXED_25_75_V1,GLD,0.109375
2021-04,2021-05,PDS_ACTIVE_CORE,PDS_CORE_FIXED_25_75_V1,IEF,0.046875
2021-04,2021-05,PDS_ACTIVE_CORE,PDS_CORE_FIXED_25_75_V1,IWM,0.03125000000000006
2021-04,2021-05,PDS_ACTIVE_CORE,PDS_CORE_FIXED_25_75_V1,QQQ,0.1625000000000001
2021-04,2021-05,PDS_ACTIVE_CORE,PDS_CORE_FIXED_25_75_V1,SPY,0.10781250000000016
2021-04,2021-05,PDS_ACTIVE_CORE,PDS_CORE_FIXED_25_75_V1,TIP,0.059375
2021-04,2021-05,PDS_ACTIVE_CORE,PDS_CORE_FIXED_25_75_V1,TLT,0.0625
2021-04,2021-05,PDS_ACTIVE_CORE,PDS_CORE_FIXED_25_75_V1,VGK,0.02187500000000004
2021-04,2021-05,PDS_ACTIVE_CORE,PDS_CORE_FIXED_25_75_V1,VNQ,0.07500000000000015
2021-05,2021-06,PDS_ACTIVE_CORE,PDS_CORE_FIXED_25_75_V1,BIL,0.037499999999999964
2021-05,2021-06,PDS_ACTIVE_CORE,PDS_CORE_FIXED_25_75_V1,DBC,0.17500000000000013
2021-05,2021-06,PDS_ACTIVE_CORE,PDS_CORE_FIXED_25_75_V1,EEM,0.03125000000000004
2021-05,2021-06,PDS_ACTIVE_CORE,PDS_CORE_FIXED_25_75_V1,EFA,0.03125000000000006
2021-05,2021-06,PDS_ACTIVE_CORE,PDS_CORE_FIXED_25_75_V1,EWY,0.07968750000000016
2021-05,2021-06,PDS_ACTIVE_CORE,PDS_CORE_FIXED_25_75_V1,GLD,0.13125000000000003
2021-05,2021-06,PDS_ACTIVE_CORE,PDS_CORE_FIXED_25_75_V1,IEF,0.046875
2021-05,2021-06,PDS_ACTIVE_CORE,PDS_CORE_FIXED_25_75_V1,IWM,0.03125000000000006
2021-05,2021-06,PDS_ACTIVE_CORE,PDS_CORE_FIXED_25_75_V1,QQQ,0.109375
2021-05,2021-06,PDS_ACTIVE_CORE,PDS_CORE_FIXED_25_75_V1,SPY,0.10781250000000016
2021-05,2021-06,PDS_ACTIVE_CORE,PDS_CORE_FIXED_25_75_V1,TIP,0.037499999999999964
2021-05,2021-06,PDS_ACTIVE_CORE,PDS_CORE_FIXED_25_75_V1,TLT,0.0625
2021-05,2021-06,PDS_ACTIVE_CORE,PDS_CORE_FIXED_25_75_V1,VGK,0.04375000000000008
2021-05,2021-06,PDS_ACTIVE_CORE,PDS_CORE_FIXED_25_75_V1,VNQ,0.07500000000000015
2021-06,2021-07,PDS_ACTIVE_CORE,PDS_CORE_FIXED_25_75_V1,DBC,0.13750000000000015
2021-06,2021-07,PDS_ACTIVE_CORE,PDS_CORE_FIXED_25_75_V1,EEM,0.03125000000000004
2021-06,2021-07,PDS_ACTIVE_CORE,PDS_CORE_FIXED_25_75_V1,EWY,0.07968750000000016
2021-06,2021-07,PDS_ACTIVE_CORE,PDS_CORE_FIXED_25_75_V1,GLD,0.046875
2021-06,2021-07,PDS_ACTIVE_CORE,PDS_CORE_FIXED_25_75_V1,HYG,0.02187500000000004
2021-06,2021-07,PDS_ACTIVE_CORE,PDS_CORE_FIXED_25_75_V1,IEF,0.046875
2021-06,2021-07,PDS_ACTIVE_CORE,PDS_CORE_FIXED_25_75_V1,IWM,0.03125000000000006
2021-06,2021-07,PDS_ACTIVE_CORE,PDS_CORE_FIXED_25_75_V1,QQQ,0.2968750000000001
2021-06,2021-07,PDS_ACTIVE_CORE,PDS_CORE_FIXED_25_75_V1,SPY,0.17031250000000014
2021-06,2021-07,PDS_ACTIVE_CORE,PDS_CORE_FIXED_25_75_V1,TLT,0.0625
2021-06,2021-07,PDS_ACTIVE_CORE,PDS_CORE_FIXED_25_75_V1,VGK,0.02187500000000004
2021-06,2021-07,PDS_ACTIVE_CORE,PDS_CORE_FIXED_25_75_V1,VNQ,0.0531250000000001
2021-07,2021-08,PDS_ACTIVE_CORE,PDS_CORE_FIXED_25_75_V1,DBC,0.17500000000000013
2021-07,2021-08,PDS_ACTIVE_CORE,PDS_CORE_FIXED_25_75_V1,EEM,0.009375000000000001
2021-07,2021-08,PDS_ACTIVE_CORE,PDS_CORE_FIXED_25_75_V1,EFA,0.03125000000000006
2021-07,2021-08,PDS_ACTIVE_CORE,PDS_CORE_FIXED_25_75_V1,EWY,0.02656250000000004
2021-07,2021-08,PDS_ACTIVE_CORE,PDS_CORE_FIXED_25_75_V1,GLD,0.046875
2021-07,2021-08,PDS_ACTIVE_CORE,PDS_CORE_FIXED_25_75_V1,HYG,0.02187500000000004
2021-07,2021-08,PDS_ACTIVE_CORE,PDS_CORE_FIXED_25_75_V1,IEF,0.046875
2021-07,2021-08,PDS_ACTIVE_CORE,PDS_CORE_FIXED_25_75_V1,IWM,0.09375000000000006
2021-07,2021-08,PDS_ACTIVE_CORE,PDS_CORE_FIXED_25_75_V1,LQD,0.037499999999999964
2021-07,2021-08,PDS_ACTIVE_CORE,PDS_CORE_FIXED_25_75_V1,QQQ,0.1625000000000001
2021-07,2021-08,PDS_ACTIVE_CORE,PDS_CORE_FIXED_25_75_V1,SPY,0.10781250000000016
2021-07,2021-08,PDS_ACTIVE_CORE,PDS_CORE_FIXED_25_75_V1,TIP,0.037499999999999964
2021-07,2021-08,PDS_ACTIVE_CORE,PDS_CORE_FIXED_25_75_V1,TLT,0.08437500000000003
2021-07,2021-08,PDS_ACTIVE_CORE,PDS_CORE_FIXED_25_75_V1,VGK,0.04375000000000008
2021-07,2021-08,PDS_ACTIVE_CORE,PDS_CORE_FIXED_25_75_V1,VNQ,0.07500000000000015
2021-08,2021-09,PDS_ACTIVE_CORE,PDS_CORE_FIXED_25_75_V1,DBC,0.0531250000000001
2021-08,2021-09,PDS_ACTIVE_CORE,PDS_CORE_FIXED_25_75_V1,EEM,0.009375000000000001
2021-08,2021-09,PDS_ACTIVE_CORE,PDS_CORE_FIXED_25_75_V1,EFA,0.03125000000000006
2021-08,2021-09,PDS_ACTIVE_CORE,PDS_CORE_FIXED_25_75_V1,EWY,0.02656250000000004
2021-08,2021-09,PDS_ACTIVE_CORE,PDS_CORE_FIXED_25_75_V1,GLD,0.109375
2021-08,2021-09,PDS_ACTIVE_CORE,PDS_CORE_FIXED_25_75_V1,HYG,0.02187500000000004
2021-08,2021-09,PDS_ACTIVE_CORE,PDS_CORE_FIXED_25_75_V1,IEF,0.046875
2021-08,2021-09,PDS_ACTIVE_CORE,PDS_CORE_FIXED_25_75_V1,IWM,0.09375000000000006
2021-08,2021-09,PDS_ACTIVE_CORE,PDS_CORE_FIXED_25_75_V1,QQQ,0.2968750000000001
2021-08,2021-09,PDS_ACTIVE_CORE,PDS_CORE_FIXED_25_75_V1,SPY,0.10781250000000016
2021-08,2021-09,PDS_ACTIVE_CORE,PDS_CORE_FIXED_25_75_V1,TLT,0.08437500000000003
2021-08,2021-09,PDS_ACTIVE_CORE,PDS_CORE_FIXED_25_75_V1,VGK,0.04375000000000008
2021-08,2021-09,PDS_ACTIVE_CORE,PDS_CORE_FIXED_25_75_V1,VNQ,0.07500000000000015
2021-09,2021-10,PDS_ACTIVE_CORE,PDS_CORE_FIXED_25_75_V1,DBC,0.17500000000000013
2021-09,2021-10,PDS_ACTIVE_CORE,PDS_CORE_FIXED_25_75_V1,EEM,0.009375000000000001
2021-09,2021-10,PDS_ACTIVE_CORE,PDS_CORE_FIXED_25_75_V1,EFA,0.03125000000000006
2021-09,2021-10,PDS_ACTIVE_CORE,PDS_CORE_FIXED_25_75_V1,EWY,0.004687500000000001
2021-09,2021-10,PDS_ACTIVE_CORE,PDS_CORE_FIXED_25_75_V1,GLD,0.046875
2021-09,2021-10,PDS_ACTIVE_CORE,PDS_CORE_FIXED_25_75_V1,HYG,0.02187500000000004
2021-09,2021-10,PDS_ACTIVE_CORE,PDS_CORE_FIXED_25_75_V1,IEF,0.046875
2021-09,2021-10,PDS_ACTIVE_CORE,PDS_CORE_FIXED_25_75_V1,IWM,0.09375000000000006
2021-09,2021-10,PDS_ACTIVE_CORE,PDS_CORE_FIXED_25_75_V1,LQD,0.037499999999999964
2021-09,2021-10,PDS_ACTIVE_CORE,PDS_CORE_FIXED_25_75_V1,QQQ,0.18437500000000015
2021-09,2021-10,PDS_ACTIVE_CORE,PDS_CORE_FIXED_25_75_V1,SPY,0.17031250000000014
2021-09,2021-10,PDS_ACTIVE_CORE,PDS_CORE_FIXED_25_75_V1,TIP,0.08125000000000004
2021-09,2021-10,PDS_ACTIVE_CORE,PDS_CORE_FIXED_25_75_V1,TLT,0.02187500000000004
2021-09,2021-10,PDS_ACTIVE_CORE,PDS_CORE_FIXED_25_75_V1,VNQ,0.07500000000000015
2021-10,2021-11,PDS_ACTIVE_CORE,PDS_CORE_FIXED_25_75_V1,DBC,0.17500000000000013
2021-10,2021-11,PDS_ACTIVE_CORE,PDS_CORE_FIXED_25_75_V1,EEM,0.03125000000000004
2021-10,2021-11,PDS_ACTIVE_CORE,PDS_CORE_FIXED_25_75_V1,EFA,0.03125000000000006
2021-10,2021-11,PDS_ACTIVE_CORE,PDS_CORE_FIXED_25_75_V1,EWY,0.004687500000000001
2021-10,2021-11,PDS_ACTIVE_CORE,PDS_CORE_FIXED_25_75_V1,GLD,0.046875
2021-10,2021-11,PDS_ACTIVE_CORE,PDS_CORE_FIXED_25_75_V1,HYG,0.02187500000000004
2021-10,2021-11,PDS_ACTIVE_CORE,PDS_CORE_FIXED_25_75_V1,IEF,0.046875
2021-10,2021-11,PDS_ACTIVE_CORE,PDS_CORE_FIXED_25_75_V1,IWM,0.09375000000000006
2021-10,2021-11,PDS_ACTIVE_CORE,PDS_CORE_FIXED_25_75_V1,QQQ,0.18437500000000015
2021-10,2021-11,PDS_ACTIVE_CORE,PDS_CORE_FIXED_25_75_V1,SPY,0.1484375000000001
2021-10,2021-11,PDS_ACTIVE_CORE,PDS_CORE_FIXED_25_75_V1,TIP,0.059375
2021-10,2021-11,PDS_ACTIVE_CORE,PDS_CORE_FIXED_25_75_V1,TLT,0.059375
2021-10,2021-11,PDS_ACTIVE_CORE,PDS_CORE_FIXED_25_75_V1,VGK,0.02187500000000004
2021-10,2021-11,PDS_ACTIVE_CORE,PDS_CORE_FIXED_25_75_V1,VNQ,0.07500000000000015
2021-11,2021-12,PDS_ACTIVE_CORE,PDS_CORE_FIXED_25_75_V1,DBC,0.09062500000000007
2021-11,2021-12,PDS_ACTIVE_CORE,PDS_CORE_FIXED_25_75_V1,EEM,0.009375000000000001
2021-11,2021-12,PDS_ACTIVE_CORE,PDS_CORE_FIXED_25_75_V1,EWY,0.004687500000000001
2021-11,2021-12,PDS_ACTIVE_CORE,PDS_CORE_FIXED_25_75_V1,GLD,0.046875
2021-11,2021-12,PDS_ACTIVE_CORE,PDS_CORE_FIXED_25_75_V1,HYG,0.02187500000000004
2021-11,2021-12,PDS_ACTIVE_CORE,PDS_CORE_FIXED_25_75_V1,IEF,0.046875
2021-11,2021-12,PDS_ACTIVE_CORE,PDS_CORE_FIXED_25_75_V1,IWM,0.09375000000000006
2021-11,2021-12,PDS_ACTIVE_CORE,PDS_CORE_FIXED_25_75_V1,LQD,0.02187500000000004
2021-11,2021-12,PDS_ACTIVE_CORE,PDS_CORE_FIXED_25_75_V1,QQQ,0.18437500000000015
2021-11,2021-12,PDS_ACTIVE_CORE,PDS_CORE_FIXED_25_75_V1,SPY,0.17031250000000014
2021-11,2021-12,PDS_ACTIVE_CORE,PDS_CORE_FIXED_25_75_V1,TIP,0.08125000000000004
2021-11,2021-12,PDS_ACTIVE_CORE,PDS_CORE_FIXED_25_75_V1,TLT,0.17500000000000013
2021-11,2021-12,PDS_ACTIVE_CORE,PDS_CORE_FIXED_25_75_V1,VNQ,0.0531250000000001
2021-12,2022-01,PDS_ACTIVE_CORE,PDS_CORE_FIXED_25_75_V1,DBC,0.11250000000000013
2021-12,2022-01,PDS_ACTIVE_CORE,PDS_CORE_FIXED_25_75_V1,EEM,0.009375000000000001
2021-12,2022-01,PDS_ACTIVE_CORE,PDS_CORE_FIXED_25_75_V1,EFA,0.03125000000000006
2021-12,2022-01,PDS_ACTIVE_CORE,PDS_CORE_FIXED_25_75_V1,EWY,0.004687500000000001
2021-12,2022-01,PDS_ACTIVE_CORE,PDS_CORE_FIXED_25_75_V1,GLD,0.13125000000000003
2021-12,2022-01,PDS_ACTIVE_CORE,PDS_CORE_FIXED_25_75_V1,HYG,0.02187500000000004
2021-12,2022-01,PDS_ACTIVE_CORE,PDS_CORE_FIXED_25_75_V1,IEF,0.109375
2021-12,2022-01,PDS_ACTIVE_CORE,PDS_CORE_FIXED_25_75_V1,IWM,0.03125000000000006
2021-12,2022-01,PDS_ACTIVE_CORE,PDS_CORE_FIXED_25_75_V1,QQQ,0.18437500000000015
2021-12,2022-01,PDS_ACTIVE_CORE,PDS_CORE_FIXED_25_75_V1,SPY,0.10781250000000016
2021-12,2022-01,PDS_ACTIVE_CORE,PDS_CORE_FIXED_25_75_V1,TIP,0.059375
2021-12,2022-01,PDS_ACTIVE_CORE,PDS_CORE_FIXED_25_75_V1,TLT,0.121875
2021-12,2022-01,PDS_ACTIVE_CORE,PDS_CORE_FIXED_25_75_V1,VGK,0.02187500000000004
2021-12,2022-01,PDS_ACTIVE_CORE,PDS_CORE_FIXED_25_75_V1,VNQ,0.0531250000000001
2022-01,2022-02,PDS_ACTIVE_CORE,PDS_CORE_FIXED_25_75_V1,BIL,0.3781249999999998
2022-01,2022-02,PDS_ACTIVE_CORE,PDS_CORE_FIXED_25_75_V1,DBC,0.14375000000000004
2022-01,2022-02,PDS_ACTIVE_CORE,PDS_CORE_FIXED_25_75_V1,EEM,0.009375000000000001
2022-01,2022-02,PDS_ACTIVE_CORE,PDS_CORE_FIXED_25_75_V1,EWY,0.004687500000000001
2022-01,2022-02,PDS_ACTIVE_CORE,PDS_CORE_FIXED_25_75_V1,GLD,0.046875
2022-01,2022-02,PDS_ACTIVE_CORE,PDS_CORE_FIXED_25_75_V1,IEF,0.046875
2022-01,2022-02,PDS_ACTIVE_CORE,PDS_CORE_FIXED_25_75_V1,QQQ,0.13125000000000003
2022-01,2022-02,PDS_ACTIVE_CORE,PDS_CORE_FIXED_25_75_V1,SPY,0.11718750000000003
2022-01,2022-02,PDS_ACTIVE_CORE,PDS_CORE_FIXED_25_75_V1,TIP,0.059375
2022-01,2022-02,PDS_ACTIVE_CORE,PDS_CORE_FIXED_25_75_V1,VNQ,0.0625
2022-02,2022-03,PDS_ACTIVE_CORE,PDS_CORE_FIXED_25_75_V1,BIL,0.14687499999999992
2022-02,2022-03,PDS_ACTIVE_CORE,PDS_CORE_FIXED_25_75_V1,DBC,0.17500000000000013
2022-02,2022-03,PDS_ACTIVE_CORE,PDS_CORE_FIXED_25_75_V1,EEM,0.009375000000000001
2022-02,2022-03,PDS_ACTIVE_CORE,PDS_CORE_FIXED_25_75_V1,EFA,0.03125000000000006
2022-02,2022-03,PDS_ACTIVE_CORE,PDS_CORE_FIXED_25_75_V1,EWY,0.004687500000000001
2022-02,2022-03,PDS_ACTIVE_CORE,PDS_CORE_FIXED_25_75_V1,GLD,0.12187500000000015
2022-02,2022-03,PDS_ACTIVE_CORE,PDS_CORE_FIXED_25_75_V1,IEF,0.07812500000000006
2022-02,2022-03,PDS_ACTIVE_CORE,PDS_CORE_FIXED_25_75_V1,IWM,0.0625
2022-02,2022-03,PDS_ACTIVE_CORE,PDS_CORE_FIXED_25_75_V1,QQQ,0.109375
2022-02,2022-03,PDS_ACTIVE_CORE,PDS_CORE_FIXED_25_75_V1,SPY,0.0859375000000001
2022-02,2022-03,PDS_ACTIVE_CORE,PDS_CORE_FIXED_25_75_V1,TIP,0.08125000000000004
2022-02,2022-03,PDS_ACTIVE_CORE,PDS_CORE_FIXED_25_75_V1,VNQ,0.09375000000000006
2022-03,2022-04,PDS_ACTIVE_CORE,PDS_CORE_FIXED_25_75_V1,BIL,0.3499999999999999
2022-03,2022-04,PDS_ACTIVE_CORE,PDS_CORE_FIXED_25_75_V1,DBC,0.14375000000000004
2022-03,2022-04,PDS_ACTIVE_CORE,PDS_CORE_FIXED_25_75_V1,EEM,0.009375000000000001
2022-03,2022-04,PDS_ACTIVE_CORE,PDS_CORE_FIXED_25_75_V1,EWY,0.004687500000000001
2022-03,2022-04,PDS_ACTIVE_CORE,PDS_CORE_FIXED_25_75_V1,GLD,0.15312500000000007
2022-03,2022-04,PDS_ACTIVE_CORE,PDS_CORE_FIXED_25_75_V1,IEF,0.046875
2022-03,2022-04,PDS_ACTIVE_CORE,PDS_CORE_FIXED_25_75_V1,QQQ,0.13125000000000003
2022-03,2022-04,PDS_ACTIVE_CORE,PDS_CORE_FIXED_25_75_V1,SPY,0.054687500000000035
2022-03,2022-04,PDS_ACTIVE_CORE,PDS_CORE_FIXED_25_75_V1,TIP,0.02187500000000004
2022-03,2022-04,PDS_ACTIVE_CORE,PDS_CORE_FIXED_25_75_V1,VNQ,0.08437500000000003
2022-04,2022-05,PDS_ACTIVE_CORE,PDS_CORE_FIXED_25_75_V1,BIL,0.415625
2022-04,2022-05,PDS_ACTIVE_CORE,PDS_CORE_FIXED_25_75_V1,DBC,0.14375000000000004
2022-04,2022-05,PDS_ACTIVE_CORE,PDS_CORE_FIXED_25_75_V1,EEM,0.009375000000000001
2022-04,2022-05,PDS_ACTIVE_CORE,PDS_CORE_FIXED_25_75_V1,EWY,0.004687500000000001
2022-04,2022-05,PDS_ACTIVE_CORE,PDS_CORE_FIXED_25_75_V1,GLD,0.09062500000000008
2022-04,2022-05,PDS_ACTIVE_CORE,PDS_CORE_FIXED_25_75_V1,IEF,0.046875
2022-04,2022-05,PDS_ACTIVE_CORE,PDS_CORE_FIXED_25_75_V1,IWM,0.0625
2022-04,2022-05,PDS_ACTIVE_CORE,PDS_CORE_FIXED_25_75_V1,QQQ,0.109375
2022-04,2022-05,PDS_ACTIVE_CORE,PDS_CORE_FIXED_25_75_V1,SPY,0.0953125
2022-04,2022-05,PDS_ACTIVE_CORE,PDS_CORE_FIXED_25_75_V1,VNQ,0.02187500000000004
2022-05,2022-06,PDS_ACTIVE_CORE,PDS_CORE_FIXED_25_75_V1,BIL,0.48124999999999996
2022-05,2022-06,PDS_ACTIVE_CORE,PDS_CORE_FIXED_25_75_V1,DBC,0.14375000000000004
2022-05,2022-06,PDS_ACTIVE_CORE,PDS_CORE_FIXED_25_75_V1,EEM,0.009375000000000001
2022-05,2022-06,PDS_ACTIVE_CORE,PDS_CORE_FIXED_25_75_V1,EWY,0.004687500000000001
2022-05,2022-06,PDS_ACTIVE_CORE,PDS_CORE_FIXED_25_75_V1,GLD,0.046875
2022-05,2022-06,PDS_ACTIVE_CORE,PDS_CORE_FIXED_25_75_V1,IEF,0.046875
2022-05,2022-06,PDS_ACTIVE_CORE,PDS_CORE_FIXED_25_75_V1,IWM,0.0625
2022-05,2022-06,PDS_ACTIVE_CORE,PDS_CORE_FIXED_25_75_V1,QQQ,0.046875
2022-05,2022-06,PDS_ACTIVE_CORE,PDS_CORE_FIXED_25_75_V1,SPY,0.0953125
2022-05,2022-06,PDS_ACTIVE_CORE,PDS_CORE_FIXED_25_75_V1,VNQ,0.0625
2022-06,2022-07,PDS_ACTIVE_CORE,PDS_CORE_FIXED_25_75_V1,BIL,0.48124999999999996
2022-06,2022-07,PDS_ACTIVE_CORE,PDS_CORE_FIXED_25_75_V1,DBC,0.08125000000000004
2022-06,2022-07,PDS_ACTIVE_CORE,PDS_CORE_FIXED_25_75_V1,EEM,0.009375000000000001
2022-06,2022-07,PDS_ACTIVE_CORE,PDS_CORE_FIXED_25_75_V1,EWY,0.0671875
2022-06,2022-07,PDS_ACTIVE_CORE,PDS_CORE_FIXED_25_75_V1,GLD,0.046875
2022-06,2022-07,PDS_ACTIVE_CORE,PDS_CORE_FIXED_25_75_V1,IEF,0.046875
2022-06,2022-07,PDS_ACTIVE_CORE,PDS_CORE_FIXED_25_75_V1,QQQ,0.109375
2022-06,2022-07,PDS_ACTIVE_CORE,PDS_CORE_FIXED_25_75_V1,SPY,0.0953125
2022-06,2022-07,PDS_ACTIVE_CORE,PDS_CORE_FIXED_25_75_V1,VNQ,0.0625
2022-07,2022-08,PDS_ACTIVE_CORE,PDS_CORE_FIXED_25_75_V1,BIL,0.39375000000000004
2022-07,2022-08,PDS_ACTIVE_CORE,PDS_CORE_FIXED_25_75_V1,DBC,0.08125000000000004
2022-07,2022-08,PDS_ACTIVE_CORE,PDS_CORE_FIXED_25_75_V1,EEM,0.009375000000000001
2022-07,2022-08,PDS_ACTIVE_CORE,PDS_CORE_FIXED_25_75_V1,EWY,0.004687500000000001
2022-07,2022-08,PDS_ACTIVE_CORE,PDS_CORE_FIXED_25_75_V1,GLD,0.046875
2022-07,2022-08,PDS_ACTIVE_CORE,PDS_CORE_FIXED_25_75_V1,HYG,0.02187500000000004
2022-07,2022-08,PDS_ACTIVE_CORE,PDS_CORE_FIXED_25_75_V1,IEF,0.109375
2022-07,2022-08,PDS_ACTIVE_CORE,PDS_CORE_FIXED_25_75_V1,QQQ,0.13125000000000003
2022-07,2022-08,PDS_ACTIVE_CORE,PDS_CORE_FIXED_25_75_V1,SPY,0.11718750000000003
2022-07,2022-08,PDS_ACTIVE_CORE,PDS_CORE_FIXED_25_75_V1,TIP,0.02187500000000004
2022-07,2022-08,PDS_ACTIVE_CORE,PDS_CORE_FIXED_25_75_V1,VNQ,0.0625
2022-08,2022-09,PDS_ACTIVE_CORE,PDS_CORE_FIXED_25_75_V1,BIL,0.5031249999999999
2022-08,2022-09,PDS_ACTIVE_CORE,PDS_CORE_FIXED_25_75_V1,DBC,0.059375
2022-08,2022-09,PDS_ACTIVE_CORE,PDS_CORE_FIXED_25_75_V1,EEM,0.009375000000000001
2022-08,2022-09,PDS_ACTIVE_CORE,PDS_CORE_FIXED_25_75_V1,EWY,0.004687500000000001
2022-08,2022-09,PDS_ACTIVE_CORE,PDS_CORE_FIXED_25_75_V1,GLD,0.046875
2022-08,2022-09,PDS_ACTIVE_CORE,PDS_CORE_FIXED_25_75_V1,IEF,0.046875
2022-08,2022-09,PDS_ACTIVE_CORE,PDS_CORE_FIXED_25_75_V1,IWM,0.0625
2022-08,2022-09,PDS_ACTIVE_CORE,PDS_CORE_FIXED_25_75_V1,QQQ,0.109375
2022-08,2022-09,PDS_ACTIVE_CORE,PDS_CORE_FIXED_25_75_V1,SPY,0.0953125
2022-08,2022-09,PDS_ACTIVE_CORE,PDS_CORE_FIXED_25_75_V1,VNQ,0.0625
2022-09,2022-10,PDS_ACTIVE_CORE,PDS_CORE_FIXED_25_75_V1,BIL,0.5625
2022-09,2022-10,PDS_ACTIVE_CORE,PDS_CORE_FIXED_25_75_V1,EEM,0.009375000000000001
2022-09,2022-10,PDS_ACTIVE_CORE,PDS_CORE_FIXED_25_75_V1,EWY,0.004687500000000001
2022-09,2022-10,PDS_ACTIVE_CORE,PDS_CORE_FIXED_25_75_V1,GLD,0.046875
2022-09,2022-10,PDS_ACTIVE_CORE,PDS_CORE_FIXED_25_75_V1,IEF,0.046875
2022-09,2022-10,PDS_ACTIVE_CORE,PDS_CORE_FIXED_25_75_V1,IWM,0.0625
2022-09,2022-10,PDS_ACTIVE_CORE,PDS_CORE_FIXED_25_75_V1,QQQ,0.109375
2022-09,2022-10,PDS_ACTIVE_CORE,PDS_CORE_FIXED_25_75_V1,SPY,0.0953125
2022-09,2022-10,PDS_ACTIVE_CORE,PDS_CORE_FIXED_25_75_V1,VNQ,0.0625
2022-10,2022-11,PDS_ACTIVE_CORE,PDS_CORE_FIXED_25_75_V1,BIL,0.5031249999999999
2022-10,2022-11,PDS_ACTIVE_CORE,PDS_CORE_FIXED_25_75_V1,DBC,0.121875
2022-10,2022-11,PDS_ACTIVE_CORE,PDS_CORE_FIXED_25_75_V1,EEM,0.009375000000000001
2022-10,2022-11,PDS_ACTIVE_CORE,PDS_CORE_FIXED_25_75_V1,EWY,0.004687500000000001
2022-10,2022-11,PDS_ACTIVE_CORE,PDS_CORE_FIXED_25_75_V1,GLD,0.046875
2022-10,2022-11,PDS_ACTIVE_CORE,PDS_CORE_FIXED_25_75_V1,IEF,0.046875
2022-10,2022-11,PDS_ACTIVE_CORE,PDS_CORE_FIXED_25_75_V1,IWM,0.0625
2022-10,2022-11,PDS_ACTIVE_CORE,PDS_CORE_FIXED_25_75_V1,QQQ,0.046875
2022-10,2022-11,PDS_ACTIVE_CORE,PDS_CORE_FIXED_25_75_V1,SPY,0.0953125
2022-10,2022-11,PDS_ACTIVE_CORE,PDS_CORE_FIXED_25_75_V1,VNQ,0.0625
2022-11,2022-12,PDS_ACTIVE_CORE,PDS_CORE_FIXED_25_75_V1,BIL,0.29687499999999994
2022-11,2022-12,PDS_ACTIVE_CORE,PDS_CORE_FIXED_25_75_V1,DBC,0.02187500000000004
2022-11,2022-12,PDS_ACTIVE_CORE,PDS_CORE_FIXED_25_75_V1,EEM,0.03125000000000004
2022-11,2022-12,PDS_ACTIVE_CORE,PDS_CORE_FIXED_25_75_V1,EFA,0.175
2022-11,2022-12,PDS_ACTIVE_CORE,PDS_CORE_FIXED_25_75_V1,EWY,0.08906250000000004
2022-11,2022-12,PDS_ACTIVE_CORE,PDS_CORE_FIXED_25_75_V1,GLD,0.06875000000000005
2022-11,2022-12,PDS_ACTIVE_CORE,PDS_CORE_FIXED_25_75_V1,HYG,0.02187500000000004
2022-11,2022-12,PDS_ACTIVE_CORE,PDS_CORE_FIXED_25_75_V1,IEF,0.046875
2022-11,2022-12,PDS_ACTIVE_CORE,PDS_CORE_FIXED_25_75_V1,QQQ,0.046875
2022-11,2022-12,PDS_ACTIVE_CORE,PDS_CORE_FIXED_25_75_V1,SPY,0.11718750000000003
2022-11,2022-12,PDS_ACTIVE_CORE,PDS_CORE_FIXED_25_75_V1,VGK,0.02187500000000004
2022-11,2022-12,PDS_ACTIVE_CORE,PDS_CORE_FIXED_25_75_V1,VNQ,0.0625
2022-12,2023-01,PDS_ACTIVE_CORE,PDS_CORE_FIXED_25_75_V1,BIL,0.36562500000000003
2022-12,2023-01,PDS_ACTIVE_CORE,PDS_CORE_FIXED_25_75_V1,DBC,0.02187500000000004
2022-12,2023-01,PDS_ACTIVE_CORE,PDS_CORE_FIXED_25_75_V1,EEM,0.03125000000000004
2022-12,2023-01,PDS_ACTIVE_CORE,PDS_CORE_FIXED_25_75_V1,EWY,0.08906250000000004
2022-12,2023-01,PDS_ACTIVE_CORE,PDS_CORE_FIXED_25_75_V1,GLD,0.09062500000000008
2022-12,2023-01,PDS_ACTIVE_CORE,PDS_CORE_FIXED_25_75_V1,HYG,0.02187500000000004
2022-12,2023-01,PDS_ACTIVE_CORE,PDS_CORE_FIXED_25_75_V1,IEF,0.046875
2022-12,2023-01,PDS_ACTIVE_CORE,PDS_CORE_FIXED_25_75_V1,IWM,0.0625
2022-12,2023-01,PDS_ACTIVE_CORE,PDS_CORE_FIXED_25_75_V1,QQQ,0.109375
2022-12,2023-01,PDS_ACTIVE_CORE,PDS_CORE_FIXED_25_75_V1,SPY,0.11718750000000003
2022-12,2023-01,PDS_ACTIVE_CORE,PDS_CORE_FIXED_25_75_V1,VGK,0.04375000000000008
2023-01,2023-02,PDS_ACTIVE_CORE,PDS_CORE_FIXED_25_75_V1,BIL,0.20937500000000003
2023-01,2023-02,PDS_ACTIVE_CORE,PDS_CORE_FIXED_25_75_V1,DBC,0.02187500000000004
2023-01,2023-02,PDS_ACTIVE_CORE,PDS_CORE_FIXED_25_75_V1,EEM,0.05312500000000008
2023-01,2023-02,PDS_ACTIVE_CORE,PDS_CORE_FIXED_25_75_V1,EFA,0.175
2023-01,2023-02,PDS_ACTIVE_CORE,PDS_CORE_FIXED_25_75_V1,EWY,0.08906250000000004
2023-01,2023-02,PDS_ACTIVE_CORE,PDS_CORE_FIXED_25_75_V1,GLD,0.09062500000000008
2023-01,2023-02,PDS_ACTIVE_CORE,PDS_CORE_FIXED_25_75_V1,HYG,0.02187500000000004
2023-01,2023-02,PDS_ACTIVE_CORE,PDS_CORE_FIXED_25_75_V1,IEF,0.046875
2023-01,2023-02,PDS_ACTIVE_CORE,PDS_CORE_FIXED_25_75_V1,IWM,0.0625
2023-01,2023-02,PDS_ACTIVE_CORE,PDS_CORE_FIXED_25_75_V1,LQD,0.02187500000000004
2023-01,2023-02,PDS_ACTIVE_CORE,PDS_CORE_FIXED_25_75_V1,QQQ,0.046875
2023-01,2023-02,PDS_ACTIVE_CORE,PDS_CORE_FIXED_25_75_V1,SPY,0.0953125
2023-01,2023-02,PDS_ACTIVE_CORE,PDS_CORE_FIXED_25_75_V1,VGK,0.04375000000000008
2023-01,2023-02,PDS_ACTIVE_CORE,PDS_CORE_FIXED_25_75_V1,VNQ,0.02187500000000004
2023-02,2023-03,PDS_ACTIVE_CORE,PDS_CORE_FIXED_25_75_V1,BIL,0.45312500000000006
2023-02,2023-03,PDS_ACTIVE_CORE,PDS_CORE_FIXED_25_75_V1,EEM,0.009375000000000001
2023-02,2023-03,PDS_ACTIVE_CORE,PDS_CORE_FIXED_25_75_V1,EFA,0.0625
2023-02,2023-03,PDS_ACTIVE_CORE,PDS_CORE_FIXED_25_75_V1,EWY,0.0671875
2023-02,2023-03,PDS_ACTIVE_CORE,PDS_CORE_FIXED_25_75_V1,GLD,0.09062500000000008
2023-02,2023-03,PDS_ACTIVE_CORE,PDS_CORE_FIXED_25_75_V1,HYG,0.02187500000000004
2023-02,2023-03,PDS_ACTIVE_CORE,PDS_CORE_FIXED_25_75_V1,IEF,0.046875
2023-02,2023-03,PDS_ACTIVE_CORE,PDS_CORE_FIXED_25_75_V1,IWM,0.0625
2023-02,2023-03,PDS_ACTIVE_CORE,PDS_CORE_FIXED_25_75_V1,QQQ,0.046875
2023-02,2023-03,PDS_ACTIVE_CORE,PDS_CORE_FIXED_25_75_V1,SPY,0.0953125
2023-02,2023-03,PDS_ACTIVE_CORE,PDS_CORE_FIXED_25_75_V1,VGK,0.04375000000000008
2023-03,2023-04,PDS_ACTIVE_CORE,PDS_CORE_FIXED_25_75_V1,BIL,0.02187500000000004
2023-03,2023-04,PDS_ACTIVE_CORE,PDS_CORE_FIXED_25_75_V1,EEM,0.0625000000000001
2023-03,2023-04,PDS_ACTIVE_CORE,PDS_CORE_FIXED_25_75_V1,EFA,0.20625000000000004
2023-03,2023-04,PDS_ACTIVE_CORE,PDS_CORE_FIXED_25_75_V1,EWY,0.1203125000000001
2023-03,2023-04,PDS_ACTIVE_CORE,PDS_CORE_FIXED_25_75_V1,GLD,0.12187500000000015
2023-03,2023-04,PDS_ACTIVE_CORE,PDS_CORE_FIXED_25_75_V1,HYG,0.02187500000000004
2023-03,2023-04,PDS_ACTIVE_CORE,PDS_CORE_FIXED_25_75_V1,IEF,0.046875
2023-03,2023-04,PDS_ACTIVE_CORE,PDS_CORE_FIXED_25_75_V1,IWM,0.0625
2023-03,2023-04,PDS_ACTIVE_CORE,PDS_CORE_FIXED_25_75_V1,QQQ,0.18437500000000015
2023-03,2023-04,PDS_ACTIVE_CORE,PDS_CORE_FIXED_25_75_V1,SPY,0.10781250000000016
2023-03,2023-04,PDS_ACTIVE_CORE,PDS_CORE_FIXED_25_75_V1,VGK,0.04375000000000008
2023-04,2023-05,PDS_ACTIVE_CORE,PDS_CORE_FIXED_25_75_V1,BIL,0.07500000000000004
2023-04,2023-05,PDS_ACTIVE_CORE,PDS_CORE_FIXED_25_75_V1,EEM,0.009375000000000001
2023-04,2023-05,PDS_ACTIVE_CORE,PDS_CORE_FIXED_25_75_V1,EFA,0.09375000000000006
2023-04,2023-05,PDS_ACTIVE_CORE,PDS_CORE_FIXED_25_75_V1,EWY,0.1203125000000001
2023-04,2023-05,PDS_ACTIVE_CORE,PDS_CORE_FIXED_25_75_V1,GLD,0.12187500000000015
2023-04,2023-05,PDS_ACTIVE_CORE,PDS_CORE_FIXED_25_75_V1,IEF,0.07812500000000006
2023-04,2023-05,PDS_ACTIVE_CORE,PDS_CORE_FIXED_25_75_V1,LQD,0.059375
2023-04,2023-05,PDS_ACTIVE_CORE,PDS_CORE_FIXED_25_75_V1,QQQ,0.18437500000000015
2023-04,2023-05,PDS_ACTIVE_CORE,PDS_CORE_FIXED_25_75_V1,SPY,0.17031250000000014
2023-04,2023-05,PDS_ACTIVE_CORE,PDS_CORE_FIXED_25_75_V1,TIP,0.02187500000000004
2023-04,2023-05,PDS_ACTIVE_CORE,PDS_CORE_FIXED_25_75_V1,TLT,0.02187500000000004
2023-04,2023-05,PDS_ACTIVE_CORE,PDS_CORE_FIXED_25_75_V1,VGK,0.04375000000000008
2023-05,2023-06,PDS_ACTIVE_CORE,PDS_CORE_FIXED_25_75_V1,BIL,0.3218750000000001
2023-05,2023-06,PDS_ACTIVE_CORE,PDS_CORE_FIXED_25_75_V1,EEM,0.009375000000000001
2023-05,2023-06,PDS_ACTIVE_CORE,PDS_CORE_FIXED_25_75_V1,EWY,0.08906250000000004
2023-05,2023-06,PDS_ACTIVE_CORE,PDS_CORE_FIXED_25_75_V1,GLD,0.09062500000000008
2023-05,2023-06,PDS_ACTIVE_CORE,PDS_CORE_FIXED_25_75_V1,IEF,0.046875
2023-05,2023-06,PDS_ACTIVE_CORE,PDS_CORE_FIXED_25_75_V1,IWM,0.0625
2023-05,2023-06,PDS_ACTIVE_CORE,PDS_CORE_FIXED_25_75_V1,LQD,0.04375000000000008
2023-05,2023-06,PDS_ACTIVE_CORE,PDS_CORE_FIXED_25_75_V1,QQQ,0.15312500000000007
2023-05,2023-06,PDS_ACTIVE_CORE,PDS_CORE_FIXED_25_75_V1,SPY,0.1390625000000001
2023-05,2023-06,PDS_ACTIVE_CORE,PDS_CORE_FIXED_25_75_V1,VGK,0.04375000000000008
2023-06,2023-07,PDS_ACTIVE_CORE,PDS_CORE_FIXED_25_75_V1,BIL,0.2625
2023-06,2023-07,PDS_ACTIVE_CORE,PDS_CORE_FIXED_25_75_V1,EEM,0.03125000000000004
2023-06,2023-07,PDS_ACTIVE_CORE,PDS_CORE_FIXED_25_75_V1,EWY,0.11093750000000009
2023-06,2023-07,PDS_ACTIVE_CORE,PDS_CORE_FIXED_25_75_V1,GLD,0.06875000000000005
2023-06,2023-07,PDS_ACTIVE_CORE,PDS_CORE_FIXED_25_75_V1,HYG,0.02187500000000004
2023-06,2023-07,PDS_ACTIVE_CORE,PDS_CORE_FIXED_25_75_V1,IEF,0.046875
2023-06,2023-07,PDS_ACTIVE_CORE,PDS_CORE_FIXED_25_75_V1,IWM,0.0625
2023-06,2023-07,PDS_ACTIVE_CORE,PDS_CORE_FIXED_25_75_V1,LQD,0.037499999999999964
2023-06,2023-07,PDS_ACTIVE_CORE,PDS_CORE_FIXED_25_75_V1,QQQ,0.15312500000000007
2023-06,2023-07,PDS_ACTIVE_CORE,PDS_CORE_FIXED_25_75_V1,SPY,0.1390625000000001
2023-06,2023-07,PDS_ACTIVE_CORE,PDS_CORE_FIXED_25_75_V1,VGK,0.04375000000000008
2023-06,2023-07,PDS_ACTIVE_CORE,PDS_CORE_FIXED_25_75_V1,VNQ,0.02187500000000004
2023-07,2023-08,PDS_ACTIVE_CORE,PDS_CORE_FIXED_25_75_V1,BIL,0.30000000000000004
2023-07,2023-08,PDS_ACTIVE_CORE,PDS_CORE_FIXED_25_75_V1,DBC,0.02187500000000004
2023-07,2023-08,PDS_ACTIVE_CORE,PDS_CORE_FIXED_25_75_V1,EEM,0.03125000000000004
2023-07,2023-08,PDS_ACTIVE_CORE,PDS_CORE_FIXED_25_75_V1,EWY,0.11093750000000009
2023-07,2023-08,PDS_ACTIVE_CORE,PDS_CORE_FIXED_25_75_V1,GLD,0.06875000000000005
2023-07,2023-08,PDS_ACTIVE_CORE,PDS_CORE_FIXED_25_75_V1,HYG,0.02187500000000004
2023-07,2023-08,PDS_ACTIVE_CORE,PDS_CORE_FIXED_25_75_V1,IEF,0.046875
2023-07,2023-08,PDS_ACTIVE_CORE,PDS_CORE_FIXED_25_75_V1,IWM,0.0625
2023-07,2023-08,PDS_ACTIVE_CORE,PDS_CORE_FIXED_25_75_V1,QQQ,0.15312500000000007
2023-07,2023-08,PDS_ACTIVE_CORE,PDS_CORE_FIXED_25_75_V1,SPY,0.1390625000000001
2023-07,2023-08,PDS_ACTIVE_CORE,PDS_CORE_FIXED_25_75_V1,VGK,0.04375000000000008
2023-08,2023-09,PDS_ACTIVE_CORE,PDS_CORE_FIXED_25_75_V1,BIL,0.30000000000000004
2023-08,2023-09,PDS_ACTIVE_CORE,PDS_CORE_FIXED_25_75_V1,DBC,0.04375000000000008
2023-08,2023-09,PDS_ACTIVE_CORE,PDS_CORE_FIXED_25_75_V1,EEM,0.009375000000000001
2023-08,2023-09,PDS_ACTIVE_CORE,PDS_CORE_FIXED_25_75_V1,EWY,0.0671875
2023-08,2023-09,PDS_ACTIVE_CORE,PDS_CORE_FIXED_25_75_V1,GLD,0.09062500000000008
2023-08,2023-09,PDS_ACTIVE_CORE,PDS_CORE_FIXED_25_75_V1,HYG,0.04375000000000008
2023-08,2023-09,PDS_ACTIVE_CORE,PDS_CORE_FIXED_25_75_V1,IEF,0.046875
2023-08,2023-09,PDS_ACTIVE_CORE,PDS_CORE_FIXED_25_75_V1,IWM,0.0625
2023-08,2023-09,PDS_ACTIVE_CORE,PDS_CORE_FIXED_25_75_V1,QQQ,0.15312500000000007
2023-08,2023-09,PDS_ACTIVE_CORE,PDS_CORE_FIXED_25_75_V1,SPY,0.1390625000000001
2023-08,2023-09,PDS_ACTIVE_CORE,PDS_CORE_FIXED_25_75_V1,VGK,0.04375000000000008
2023-09,2023-10,PDS_ACTIVE_CORE,PDS_CORE_FIXED_25_75_V1,BIL,0.35000000000000003
2023-09,2023-10,PDS_ACTIVE_CORE,PDS_CORE_FIXED_25_75_V1,DBC,0.08125000000000004
2023-09,2023-10,PDS_ACTIVE_CORE,PDS_CORE_FIXED_25_75_V1,EEM,0.009375000000000001
2023-09,2023-10,PDS_ACTIVE_CORE,PDS_CORE_FIXED_25_75_V1,EWY,0.0671875
2023-09,2023-10,PDS_ACTIVE_CORE,PDS_CORE_FIXED_25_75_V1,GLD,0.06875000000000005
2023-09,2023-10,PDS_ACTIVE_CORE,PDS_CORE_FIXED_25_75_V1,HYG,0.02187500000000004
2023-09,2023-10,PDS_ACTIVE_CORE,PDS_CORE_FIXED_25_75_V1,IEF,0.046875
2023-09,2023-10,PDS_ACTIVE_CORE,PDS_CORE_FIXED_25_75_V1,IWM,0.0625
2023-09,2023-10,PDS_ACTIVE_CORE,PDS_CORE_FIXED_25_75_V1,QQQ,0.15312500000000007
2023-09,2023-10,PDS_ACTIVE_CORE,PDS_CORE_FIXED_25_75_V1,SPY,0.11718750000000003
2023-09,2023-10,PDS_ACTIVE_CORE,PDS_CORE_FIXED_25_75_V1,VGK,0.02187500000000004
2023-10,2023-11,PDS_ACTIVE_CORE,PDS_CORE_FIXED_25_75_V1,BIL,0.40937500000000004
2023-10,2023-11,PDS_ACTIVE_CORE,PDS_CORE_FIXED_25_75_V1,DBC,0.04375000000000008
2023-10,2023-11,PDS_ACTIVE_CORE,PDS_CORE_FIXED_25_75_V1,EEM,0.009375000000000001
2023-10,2023-11,PDS_ACTIVE_CORE,PDS_CORE_FIXED_25_75_V1,EWY,0.0671875
2023-10,2023-11,PDS_ACTIVE_CORE,PDS_CORE_FIXED_25_75_V1,GLD,0.09062500000000008
2023-10,2023-11,PDS_ACTIVE_CORE,PDS_CORE_FIXED_25_75_V1,HYG,0.02187500000000004
2023-10,2023-11,PDS_ACTIVE_CORE,PDS_CORE_FIXED_25_75_V1,IEF,0.046875
2023-10,2023-11,PDS_ACTIVE_CORE,PDS_CORE_FIXED_25_75_V1,IWM,0.0625
2023-10,2023-11,PDS_ACTIVE_CORE,PDS_CORE_FIXED_25_75_V1,QQQ,0.13125000000000003
2023-10,2023-11,PDS_ACTIVE_CORE,PDS_CORE_FIXED_25_75_V1,SPY,0.054687500000000035
2023-10,2023-11,PDS_ACTIVE_CORE,PDS_CORE_FIXED_25_75_V1,VNQ,0.0625
2023-11,2023-12,PDS_ACTIVE_CORE,PDS_CORE_FIXED_25_75_V1,DBC,0.02187500000000004
2023-11,2023-12,PDS_ACTIVE_CORE,PDS_CORE_FIXED_25_75_V1,EEM,0.08437500000000014
2023-11,2023-12,PDS_ACTIVE_CORE,PDS_CORE_FIXED_25_75_V1,EFA,0.03125000000000006
2023-11,2023-12,PDS_ACTIVE_CORE,PDS_CORE_FIXED_25_75_V1,EWY,0.05781250000000011
2023-11,2023-12,PDS_ACTIVE_CORE,PDS_CORE_FIXED_25_75_V1,GLD,0.1625000000000001
2023-11,2023-12,PDS_ACTIVE_CORE,PDS_CORE_FIXED_25_75_V1,HYG,0.02187500000000004
2023-11,2023-12,PDS_ACTIVE_CORE,PDS_CORE_FIXED_25_75_V1,IEF,0.046875
2023-11,2023-12,PDS_ACTIVE_CORE,PDS_CORE_FIXED_25_75_V1,IWM,0.0625
2023-11,2023-12,PDS_ACTIVE_CORE,PDS_CORE_FIXED_25_75_V1,QQQ,0.2968750000000001
2023-11,2023-12,PDS_ACTIVE_CORE,PDS_CORE_FIXED_25_75_V1,SPY,0.17031250000000014
2023-11,2023-12,PDS_ACTIVE_CORE,PDS_CORE_FIXED_25_75_V1,VGK,0.02187500000000004
2023-11,2023-12,PDS_ACTIVE_CORE,PDS_CORE_FIXED_25_75_V1,VNQ,0.02187500000000004
2023-12,2024-01,PDS_ACTIVE_CORE,PDS_CORE_FIXED_25_75_V1,EEM,0.009375000000000001
2023-12,2024-01,PDS_ACTIVE_CORE,PDS_CORE_FIXED_25_75_V1,EFA,0.03125000000000006
2023-12,2024-01,PDS_ACTIVE_CORE,PDS_CORE_FIXED_25_75_V1,EWY,0.07968750000000016
2023-12,2024-01,PDS_ACTIVE_CORE,PDS_CORE_FIXED_25_75_V1,GLD,0.09062500000000008
2023-12,2024-01,PDS_ACTIVE_CORE,PDS_CORE_FIXED_25_75_V1,HYG,0.02187500000000004
2023-12,2024-01,PDS_ACTIVE_CORE,PDS_CORE_FIXED_25_75_V1,IEF,0.046875
2023-12,2024-01,PDS_ACTIVE_CORE,PDS_CORE_FIXED_25_75_V1,IWM,0.09375000000000006
2023-12,2024-01,PDS_ACTIVE_CORE,PDS_CORE_FIXED_25_75_V1,LQD,0.02187500000000004
2023-12,2024-01,PDS_ACTIVE_CORE,PDS_CORE_FIXED_25_75_V1,QQQ,0.2968750000000001
2023-12,2024-01,PDS_ACTIVE_CORE,PDS_CORE_FIXED_25_75_V1,SPY,0.17031250000000014
2023-12,2024-01,PDS_ACTIVE_CORE,PDS_CORE_FIXED_25_75_V1,VGK,0.02187500000000004
2023-12,2024-01,PDS_ACTIVE_CORE,PDS_CORE_FIXED_25_75_V1,VNQ,0.1156250000000001
2024-01,2024-02,PDS_ACTIVE_CORE,PDS_CORE_FIXED_25_75_V1,AGG,0.037499999999999964
2024-01,2024-02,PDS_ACTIVE_CORE,PDS_CORE_FIXED_25_75_V1,BIL,0.037499999999999964
2024-01,2024-02,PDS_ACTIVE_CORE,PDS_CORE_FIXED_25_75_V1,EEM,0.009375000000000001
2024-01,2024-02,PDS_ACTIVE_CORE,PDS_CORE_FIXED_25_75_V1,EFA,0.03125000000000006
2024-01,2024-02,PDS_ACTIVE_CORE,PDS_CORE_FIXED_25_75_V1,EWY,0.0671875
2024-01,2024-02,PDS_ACTIVE_CORE,PDS_CORE_FIXED_25_75_V1,GLD,0.1000000000000001
2024-01,2024-02,PDS_ACTIVE_CORE,PDS_CORE_FIXED_25_75_V1,HYG,0.04375000000000008
2024-01,2024-02,PDS_ACTIVE_CORE,PDS_CORE_FIXED_25_75_V1,IEF,0.07812500000000006
2024-01,2024-02,PDS_ACTIVE_CORE,PDS_CORE_FIXED_25_75_V1,IWM,0.09375000000000006
2024-01,2024-02,PDS_ACTIVE_CORE,PDS_CORE_FIXED_25_75_V1,LQD,0.08125000000000004
2024-01,2024-02,PDS_ACTIVE_CORE,PDS_CORE_FIXED_25_75_V1,QQQ,0.12187500000000015
2024-01,2024-02,PDS_ACTIVE_CORE,PDS_CORE_FIXED_25_75_V1,SPY,0.17031250000000014
2024-01,2024-02,PDS_ACTIVE_CORE,PDS_CORE_FIXED_25_75_V1,TIP,0.02187500000000004
2024-01,2024-02,PDS_ACTIVE_CORE,PDS_CORE_FIXED_25_75_V1,TLT,0.02187500000000004
2024-01,2024-02,PDS_ACTIVE_CORE,PDS_CORE_FIXED_25_75_V1,VGK,0.02187500000000004
2024-01,2024-02,PDS_ACTIVE_CORE,PDS_CORE_FIXED_25_75_V1,VNQ,0.0625
2024-02,2024-03,PDS_ACTIVE_CORE,PDS_CORE_FIXED_25_75_V1,BIL,0.07500000000000004
2024-02,2024-03,PDS_ACTIVE_CORE,PDS_CORE_FIXED_25_75_V1,EEM,0.0625000000000001
2024-02,2024-03,PDS_ACTIVE_CORE,PDS_CORE_FIXED_25_75_V1,EFA,0.03125000000000006
2024-02,2024-03,PDS_ACTIVE_CORE,PDS_CORE_FIXED_25_75_V1,EWY,0.07968750000000016
2024-02,2024-03,PDS_ACTIVE_CORE,PDS_CORE_FIXED_25_75_V1,GLD,0.13125000000000003
2024-02,2024-03,PDS_ACTIVE_CORE,PDS_CORE_FIXED_25_75_V1,HYG,0.02187500000000004
2024-02,2024-03,PDS_ACTIVE_CORE,PDS_CORE_FIXED_25_75_V1,IEF,0.046875
2024-02,2024-03,PDS_ACTIVE_CORE,PDS_CORE_FIXED_25_75_V1,IWM,0.09375000000000006
2024-02,2024-03,PDS_ACTIVE_CORE,PDS_CORE_FIXED_25_75_V1,LQD,0.037499999999999964
2024-02,2024-03,PDS_ACTIVE_CORE,PDS_CORE_FIXED_25_75_V1,QQQ,0.12187500000000015
2024-02,2024-03,PDS_ACTIVE_CORE,PDS_CORE_FIXED_25_75_V1,SPY,0.17031250000000014
2024-02,2024-03,PDS_ACTIVE_CORE,PDS_CORE_FIXED_25_75_V1,TIP,0.02187500000000004
2024-02,2024-03,PDS_ACTIVE_CORE,PDS_CORE_FIXED_25_75_V1,VGK,0.02187500000000004
2024-02,2024-03,PDS_ACTIVE_CORE,PDS_CORE_FIXED_25_75_V1,VNQ,0.08437500000000003
2024-03,2024-04,PDS_ACTIVE_CORE,PDS_CORE_FIXED_25_75_V1,DBC,0.02187500000000004
2024-03,2024-04,PDS_ACTIVE_CORE,PDS_CORE_FIXED_25_75_V1,EEM,0.009375000000000001
2024-03,2024-04,PDS_ACTIVE_CORE,PDS_CORE_FIXED_25_75_V1,EFA,0.03125000000000006
2024-03,2024-04,PDS_ACTIVE_CORE,PDS_CORE_FIXED_25_75_V1,EWY,0.1203125000000001
2024-03,2024-04,PDS_ACTIVE_CORE,PDS_CORE_FIXED_25_75_V1,GLD,0.12187500000000015
2024-03,2024-04,PDS_ACTIVE_CORE,PDS_CORE_FIXED_25_75_V1,HYG,0.02187500000000004
2024-03,2024-04,PDS_ACTIVE_CORE,PDS_CORE_FIXED_25_75_V1,IEF,0.046875
2024-03,2024-04,PDS_ACTIVE_CORE,PDS_CORE_FIXED_25_75_V1,IWM,0.09375000000000006
2024-03,2024-04,PDS_ACTIVE_CORE,PDS_CORE_FIXED_25_75_V1,QQQ,0.2968750000000001
2024-03,2024-04,PDS_ACTIVE_CORE,PDS_CORE_FIXED_25_75_V1,SPY,0.10781250000000016
2024-03,2024-04,PDS_ACTIVE_CORE,PDS_CORE_FIXED_25_75_V1,TIP,0.02187500000000004
2024-03,2024-04,PDS_ACTIVE_CORE,PDS_CORE_FIXED_25_75_V1,VGK,0.02187500000000004
2024-03,2024-04,PDS_ACTIVE_CORE,PDS_CORE_FIXED_25_75_V1,VNQ,0.08437500000000003
2024-04,2024-05,PDS_ACTIVE_CORE,PDS_CORE_FIXED_25_75_V1,BIL,0.2625
2024-04,2024-05,PDS_ACTIVE_CORE,PDS_CORE_FIXED_25_75_V1,DBC,0.059375
2024-04,2024-05,PDS_ACTIVE_CORE,PDS_CORE_FIXED_25_75_V1,EEM,0.05312500000000008
2024-04,2024-05,PDS_ACTIVE_CORE,PDS_CORE_FIXED_25_75_V1,EWY,0.08906250000000004
2024-04,2024-05,PDS_ACTIVE_CORE,PDS_CORE_FIXED_25_75_V1,GLD,0.09062500000000008
2024-04,2024-05,PDS_ACTIVE_CORE,PDS_CORE_FIXED_25_75_V1,HYG,0.02187500000000004
2024-04,2024-05,PDS_ACTIVE_CORE,PDS_CORE_FIXED_25_75_V1,IEF,0.046875
2024-04,2024-05,PDS_ACTIVE_CORE,PDS_CORE_FIXED_25_75_V1,IWM,0.0625
2024-04,2024-05,PDS_ACTIVE_CORE,PDS_CORE_FIXED_25_75_V1,QQQ,0.15312500000000007
2024-04,2024-05,PDS_ACTIVE_CORE,PDS_CORE_FIXED_25_75_V1,SPY,0.1390625000000001
2024-04,2024-05,PDS_ACTIVE_CORE,PDS_CORE_FIXED_25_75_V1,VGK,0.02187500000000004
2024-05,2024-06,PDS_ACTIVE_CORE,PDS_CORE_FIXED_25_75_V1,DBC,0.02187500000000004
2024-05,2024-06,PDS_ACTIVE_CORE,PDS_CORE_FIXED_25_75_V1,EEM,0.08437500000000014
2024-05,2024-06,PDS_ACTIVE_CORE,PDS_CORE_FIXED_25_75_V1,EFA,0.03125000000000006
2024-05,2024-06,PDS_ACTIVE_CORE,PDS_CORE_FIXED_25_75_V1,EWY,0.004687500000000001
2024-05,2024-06,PDS_ACTIVE_CORE,PDS_CORE_FIXED_25_75_V1,GLD,0.18437500000000015
2024-05,2024-06,PDS_ACTIVE_CORE,PDS_CORE_FIXED_25_75_V1,HYG,0.04375000000000008
2024-05,2024-06,PDS_ACTIVE_CORE,PDS_CORE_FIXED_25_75_V1,IEF,0.046875
2024-05,2024-06,PDS_ACTIVE_CORE,PDS_CORE_FIXED_25_75_V1,IWM,0.09375000000000006
2024-05,2024-06,PDS_ACTIVE_CORE,PDS_CORE_FIXED_25_75_V1,QQQ,0.2968750000000001
2024-05,2024-06,PDS_ACTIVE_CORE,PDS_CORE_FIXED_25_75_V1,SPY,0.17031250000000014
2024-05,2024-06,PDS_ACTIVE_CORE,PDS_CORE_FIXED_25_75_V1,VGK,0.02187500000000004
2024-06,2024-07,PDS_ACTIVE_CORE,PDS_CORE_FIXED_25_75_V1,DBC,0.07500000000000015
2024-06,2024-07,PDS_ACTIVE_CORE,PDS_CORE_FIXED_25_75_V1,EEM,0.08437500000000014
2024-06,2024-07,PDS_ACTIVE_CORE,PDS_CORE_FIXED_25_75_V1,EFA,0.03125000000000006
2024-06,2024-07,PDS_ACTIVE_CORE,PDS_CORE_FIXED_25_75_V1,EWY,0.02656250000000004
2024-06,2024-07,PDS_ACTIVE_CORE,PDS_CORE_FIXED_25_75_V1,GLD,0.18437500000000015
2024-06,2024-07,PDS_ACTIVE_CORE,PDS_CORE_FIXED_25_75_V1,IEF,0.046875
2024-06,2024-07,PDS_ACTIVE_CORE,PDS_CORE_FIXED_25_75_V1,IWM,0.0625
2024-06,2024-07,PDS_ACTIVE_CORE,PDS_CORE_FIXED_25_75_V1,QQQ,0.2968750000000001
2024-06,2024-07,PDS_ACTIVE_CORE,PDS_CORE_FIXED_25_75_V1,SPY,0.17031250000000014
2024-06,2024-07,PDS_ACTIVE_CORE,PDS_CORE_FIXED_25_75_V1,TIP,0.02187500000000004
2024-07,2024-08,PDS_ACTIVE_CORE,PDS_CORE_FIXED_25_75_V1,EEM,0.05312500000000008
2024-07,2024-08,PDS_ACTIVE_CORE,PDS_CORE_FIXED_25_75_V1,EFA,0.03125000000000006
2024-07,2024-08,PDS_ACTIVE_CORE,PDS_CORE_FIXED_25_75_V1,EWY,0.0671875
2024-07,2024-08,PDS_ACTIVE_CORE,PDS_CORE_FIXED_25_75_V1,GLD,0.18437500000000015
2024-07,2024-08,PDS_ACTIVE_CORE,PDS_CORE_FIXED_25_75_V1,HYG,0.02187500000000004
2024-07,2024-08,PDS_ACTIVE_CORE,PDS_CORE_FIXED_25_75_V1,IEF,0.046875
2024-07,2024-08,PDS_ACTIVE_CORE,PDS_CORE_FIXED_25_75_V1,IWM,0.09375000000000006
2024-07,2024-08,PDS_ACTIVE_CORE,PDS_CORE_FIXED_25_75_V1,QQQ,0.2343750000000001
2024-07,2024-08,PDS_ACTIVE_CORE,PDS_CORE_FIXED_25_75_V1,SPY,0.17031250000000014
2024-07,2024-08,PDS_ACTIVE_CORE,PDS_CORE_FIXED_25_75_V1,VGK,0.04375000000000008
2024-07,2024-08,PDS_ACTIVE_CORE,PDS_CORE_FIXED_25_75_V1,VNQ,0.0531250000000001
2024-08,2024-09,PDS_ACTIVE_CORE,PDS_CORE_FIXED_25_75_V1,EEM,0.05312500000000008
2024-08,2024-09,PDS_ACTIVE_CORE,PDS_CORE_FIXED_25_75_V1,EFA,0.03125000000000006
2024-08,2024-09,PDS_ACTIVE_CORE,PDS_CORE_FIXED_25_75_V1,EWY,0.0671875
2024-08,2024-09,PDS_ACTIVE_CORE,PDS_CORE_FIXED_25_75_V1,GLD,0.18437500000000015
2024-08,2024-09,PDS_ACTIVE_CORE,PDS_CORE_FIXED_25_75_V1,HYG,0.02187500000000004
2024-08,2024-09,PDS_ACTIVE_CORE,PDS_CORE_FIXED_25_75_V1,IEF,0.046875
2024-08,2024-09,PDS_ACTIVE_CORE,PDS_CORE_FIXED_25_75_V1,IWM,0.09375000000000006
2024-08,2024-09,PDS_ACTIVE_CORE,PDS_CORE_FIXED_25_75_V1,QQQ,0.2968750000000001
2024-08,2024-09,PDS_ACTIVE_CORE,PDS_CORE_FIXED_25_75_V1,SPY,0.0859375000000001
2024-08,2024-09,PDS_ACTIVE_CORE,PDS_CORE_FIXED_25_75_V1,VGK,0.04375000000000008
2024-08,2024-09,PDS_ACTIVE_CORE,PDS_CORE_FIXED_25_75_V1,VNQ,0.07500000000000015
2024-09,2024-10,PDS_ACTIVE_CORE,PDS_CORE_FIXED_25_75_V1,EEM,0.08437500000000014
2024-09,2024-10,PDS_ACTIVE_CORE,PDS_CORE_FIXED_25_75_V1,EWY,0.004687500000000001
2024-09,2024-10,PDS_ACTIVE_CORE,PDS_CORE_FIXED_25_75_V1,GLD,0.18437500000000015
2024-09,2024-10,PDS_ACTIVE_CORE,PDS_CORE_FIXED_25_75_V1,IEF,0.046875
2024-09,2024-10,PDS_ACTIVE_CORE,PDS_CORE_FIXED_25_75_V1,IWM,0.09375000000000006
2024-09,2024-10,PDS_ACTIVE_CORE,PDS_CORE_FIXED_25_75_V1,QQQ,0.2968750000000001
2024-09,2024-10,PDS_ACTIVE_CORE,PDS_CORE_FIXED_25_75_V1,SPY,0.17031250000000014
2024-09,2024-10,PDS_ACTIVE_CORE,PDS_CORE_FIXED_25_75_V1,TLT,0.02187500000000004
2024-09,2024-10,PDS_ACTIVE_CORE,PDS_CORE_FIXED_25_75_V1,VGK,0.02187500000000004
2024-09,2024-10,PDS_ACTIVE_CORE,PDS_CORE_FIXED_25_75_V1,VNQ,0.07500000000000015
2024-10,2024-11,PDS_ACTIVE_CORE,PDS_CORE_FIXED_25_75_V1,BIL,0.07500000000000004
2024-10,2024-11,PDS_ACTIVE_CORE,PDS_CORE_FIXED_25_75_V1,EEM,0.08437500000000014
2024-10,2024-11,PDS_ACTIVE_CORE,PDS_CORE_FIXED_25_75_V1,EWY,0.004687500000000001
2024-10,2024-11,PDS_ACTIVE_CORE,PDS_CORE_FIXED_25_75_V1,GLD,0.12187500000000015
2024-10,2024-11,PDS_ACTIVE_CORE,PDS_CORE_FIXED_25_75_V1,HYG,0.04375000000000008
2024-10,2024-11,PDS_ACTIVE_CORE,PDS_CORE_FIXED_25_75_V1,IEF,0.046875
2024-10,2024-11,PDS_ACTIVE_CORE,PDS_CORE_FIXED_25_75_V1,IWM,0.09375000000000006
2024-10,2024-11,PDS_ACTIVE_CORE,PDS_CORE_FIXED_25_75_V1,LQD,0.037499999999999964
2024-10,2024-11,PDS_ACTIVE_CORE,PDS_CORE_FIXED_25_75_V1,QQQ,0.18437500000000015
2024-10,2024-11,PDS_ACTIVE_CORE,PDS_CORE_FIXED_25_75_V1,SPY,0.17031250000000014
2024-10,2024-11,PDS_ACTIVE_CORE,PDS_CORE_FIXED_25_75_V1,VNQ,0.13750000000000015
2024-11,2024-12,PDS_ACTIVE_CORE,PDS_CORE_FIXED_25_75_V1,AGG,0.037499999999999964
2024-11,2024-12,PDS_ACTIVE_CORE,PDS_CORE_FIXED_25_75_V1,BIL,0.059375
2024-11,2024-12,PDS_ACTIVE_CORE,PDS_CORE_FIXED_25_75_V1,EEM,0.0625000000000001
2024-11,2024-12,PDS_ACTIVE_CORE,PDS_CORE_FIXED_25_75_V1,EWY,0.004687500000000001
2024-11,2024-12,PDS_ACTIVE_CORE,PDS_CORE_FIXED_25_75_V1,GLD,0.18437500000000015
2024-11,2024-12,PDS_ACTIVE_CORE,PDS_CORE_FIXED_25_75_V1,HYG,0.04375000000000008
2024-11,2024-12,PDS_ACTIVE_CORE,PDS_CORE_FIXED_25_75_V1,IEF,0.046875
2024-11,2024-12,PDS_ACTIVE_CORE,PDS_CORE_FIXED_25_75_V1,IWM,0.09375000000000006
2024-11,2024-12,PDS_ACTIVE_CORE,PDS_CORE_FIXED_25_75_V1,LQD,0.059375
2024-11,2024-12,PDS_ACTIVE_CORE,PDS_CORE_FIXED_25_75_V1,QQQ,0.18437500000000015
2024-11,2024-12,PDS_ACTIVE_CORE,PDS_CORE_FIXED_25_75_V1,SPY,0.17031250000000014
2024-11,2024-12,PDS_ACTIVE_CORE,PDS_CORE_FIXED_25_75_V1,VNQ,0.0531250000000001
2024-12,2025-01,PDS_ACTIVE_CORE,PDS_CORE_FIXED_25_75_V1,BIL,0.365625
2024-12,2025-01,PDS_ACTIVE_CORE,PDS_CORE_FIXED_25_75_V1,DBC,0.02187500000000004
2024-12,2025-01,PDS_ACTIVE_CORE,PDS_CORE_FIXED_25_75_V1,EEM,0.009375000000000001
2024-12,2025-01,PDS_ACTIVE_CORE,PDS_CORE_FIXED_25_75_V1,EWY,0.004687500000000001
2024-12,2025-01,PDS_ACTIVE_CORE,PDS_CORE_FIXED_25_75_V1,GLD,0.15312500000000007
2024-12,2025-01,PDS_ACTIVE_CORE,PDS_CORE_FIXED_25_75_V1,HYG,0.04375000000000008
2024-12,2025-01,PDS_ACTIVE_CORE,PDS_CORE_FIXED_25_75_V1,IEF,0.046875
2024-12,2025-01,PDS_ACTIVE_CORE,PDS_CORE_FIXED_25_75_V1,IWM,0.0625
2024-12,2025-01,PDS_ACTIVE_CORE,PDS_CORE_FIXED_25_75_V1,QQQ,0.15312500000000007
2024-12,2025-01,PDS_ACTIVE_CORE,PDS_CORE_FIXED_25_75_V1,SPY,0.1390625000000001
2025-01,2025-02,PDS_ACTIVE_CORE,PDS_CORE_FIXED_25_75_V1,DBC,0.04375000000000008
2025-01,2025-02,PDS_ACTIVE_CORE,PDS_CORE_FIXED_25_75_V1,EEM,0.0625000000000001
2025-01,2025-02,PDS_ACTIVE_CORE,PDS_CORE_FIXED_25_75_V1,EFA,0.03125000000000006
2025-01,2025-02,PDS_ACTIVE_CORE,PDS_CORE_FIXED_25_75_V1,EWY,0.004687500000000001
2025-01,2025-02,PDS_ACTIVE_CORE,PDS_CORE_FIXED_25_75_V1,GLD,0.18437500000000015
2025-01,2025-02,PDS_ACTIVE_CORE,PDS_CORE_FIXED_25_75_V1,HYG,0.04375000000000008
2025-01,2025-02,PDS_ACTIVE_CORE,PDS_CORE_FIXED_25_75_V1,IEF,0.046875
2025-01,2025-02,PDS_ACTIVE_CORE,PDS_CORE_FIXED_25_75_V1,IWM,0.09375000000000006
2025-01,2025-02,PDS_ACTIVE_CORE,PDS_CORE_FIXED_25_75_V1,QQQ,0.2968750000000001
2025-01,2025-02,PDS_ACTIVE_CORE,PDS_CORE_FIXED_25_75_V1,SPY,0.17031250000000014
2025-01,2025-02,PDS_ACTIVE_CORE,PDS_CORE_FIXED_25_75_V1,VGK,0.02187500000000004
2025-02,2025-03,PDS_ACTIVE_CORE,PDS_CORE_FIXED_25_75_V1,DBC,0.07500000000000015
2025-02,2025-03,PDS_ACTIVE_CORE,PDS_CORE_FIXED_25_75_V1,EEM,0.009375000000000001
2025-02,2025-03,PDS_ACTIVE_CORE,PDS_CORE_FIXED_25_75_V1,EFA,0.03125000000000006
2025-02,2025-03,PDS_ACTIVE_CORE,PDS_CORE_FIXED_25_75_V1,EWY,0.004687500000000001
2025-02,2025-03,PDS_ACTIVE_CORE,PDS_CORE_FIXED_25_75_V1,GLD,0.18437500000000015
2025-02,2025-03,PDS_ACTIVE_CORE,PDS_CORE_FIXED_25_75_V1,HYG,0.04375000000000008
2025-02,2025-03,PDS_ACTIVE_CORE,PDS_CORE_FIXED_25_75_V1,IEF,0.046875
2025-02,2025-03,PDS_ACTIVE_CORE,PDS_CORE_FIXED_25_75_V1,IWM,0.0625
2025-02,2025-03,PDS_ACTIVE_CORE,PDS_CORE_FIXED_25_75_V1,QQQ,0.2968750000000001
2025-02,2025-03,PDS_ACTIVE_CORE,PDS_CORE_FIXED_25_75_V1,SPY,0.1484375000000001
2025-02,2025-03,PDS_ACTIVE_CORE,PDS_CORE_FIXED_25_75_V1,TIP,0.02187500000000004
2025-02,2025-03,PDS_ACTIVE_CORE,PDS_CORE_FIXED_25_75_V1,VGK,0.04375000000000008
2025-02,2025-03,PDS_ACTIVE_CORE,PDS_CORE_FIXED_25_75_V1,VNQ,0.03125000000000006
2025-03,2025-04,PDS_ACTIVE_CORE,PDS_CORE_FIXED_25_75_V1,DBC,0.11250000000000013
2025-03,2025-04,PDS_ACTIVE_CORE,PDS_CORE_FIXED_25_75_V1,EEM,0.08437500000000014
2025-03,2025-04,PDS_ACTIVE_CORE,PDS_CORE_FIXED_25_75_V1,EFA,0.03125000000000006
2025-03,2025-04,PDS_ACTIVE_CORE,PDS_CORE_FIXED_25_75_V1,EWY,0.004687500000000001
2025-03,2025-04,PDS_ACTIVE_CORE,PDS_CORE_FIXED_25_75_V1,GLD,0.12187500000000015
2025-03,2025-04,PDS_ACTIVE_CORE,PDS_CORE_FIXED_25_75_V1,HYG,0.04375000000000008
2025-03,2025-04,PDS_ACTIVE_CORE,PDS_CORE_FIXED_25_75_V1,IEF,0.11562500000000003
2025-03,2025-04,PDS_ACTIVE_CORE,PDS_CORE_FIXED_25_75_V1,IWM,0.0625
2025-03,2025-04,PDS_ACTIVE_CORE,PDS_CORE_FIXED_25_75_V1,QQQ,0.0625
2025-03,2025-04,PDS_ACTIVE_CORE,PDS_CORE_FIXED_25_75_V1,SHY,0.046875
2025-03,2025-04,PDS_ACTIVE_CORE,PDS_CORE_FIXED_25_75_V1,SPY,0.0953125
2025-03,2025-04,PDS_ACTIVE_CORE,PDS_CORE_FIXED_25_75_V1,TIP,0.08125000000000004
2025-03,2025-04,PDS_ACTIVE_CORE,PDS_CORE_FIXED_25_75_V1,TLT,0.0625
2025-03,2025-04,PDS_ACTIVE_CORE,PDS_CORE_FIXED_25_75_V1,VGK,0.04375000000000008
2025-03,2025-04,PDS_ACTIVE_CORE,PDS_CORE_FIXED_25_75_V1,VNQ,0.03125000000000006
2025-04,2025-05,PDS_ACTIVE_CORE,PDS_CORE_FIXED_25_75_V1,AGG,0.037499999999999964
2025-04,2025-05,PDS_ACTIVE_CORE,PDS_CORE_FIXED_25_75_V1,EEM,0.08437500000000014
2025-04,2025-05,PDS_ACTIVE_CORE,PDS_CORE_FIXED_25_75_V1,EFA,0.03125000000000006
2025-04,2025-05,PDS_ACTIVE_CORE,PDS_CORE_FIXED_25_75_V1,EWY,0.02656250000000004
2025-04,2025-05,PDS_ACTIVE_CORE,PDS_CORE_FIXED_25_75_V1,GLD,0.18437500000000015
2025-04,2025-05,PDS_ACTIVE_CORE,PDS_CORE_FIXED_25_75_V1,HYG,0.02187500000000004
2025-04,2025-05,PDS_ACTIVE_CORE,PDS_CORE_FIXED_25_75_V1,IEF,0.11562500000000003
2025-04,2025-05,PDS_ACTIVE_CORE,PDS_CORE_FIXED_25_75_V1,IWM,0.0625
2025-04,2025-05,PDS_ACTIVE_CORE,PDS_CORE_FIXED_25_75_V1,LQD,0.04375000000000008
2025-04,2025-05,PDS_ACTIVE_CORE,PDS_CORE_FIXED_25_75_V1,QQQ,0.0625
2025-04,2025-05,PDS_ACTIVE_CORE,PDS_CORE_FIXED_25_75_V1,SHY,0.046875
2025-04,2025-05,PDS_ACTIVE_CORE,PDS_CORE_FIXED_25_75_V1,SPY,0.0953125
2025-04,2025-05,PDS_ACTIVE_CORE,PDS_CORE_FIXED_25_75_V1,TIP,0.08125000000000004
2025-04,2025-05,PDS_ACTIVE_CORE,PDS_CORE_FIXED_25_75_V1,TLT,0.03125000000000006
2025-04,2025-05,PDS_ACTIVE_CORE,PDS_CORE_FIXED_25_75_V1,VGK,0.04375000000000008
2025-04,2025-05,PDS_ACTIVE_CORE,PDS_CORE_FIXED_25_75_V1,VNQ,0.03125000000000006
2025-05,2025-06,PDS_ACTIVE_CORE,PDS_CORE_FIXED_25_75_V1,BIL,0.11249999999999999
2025-05,2025-06,PDS_ACTIVE_CORE,PDS_CORE_FIXED_25_75_V1,EEM,0.08437500000000014
2025-05,2025-06,PDS_ACTIVE_CORE,PDS_CORE_FIXED_25_75_V1,EFA,0.03125000000000006
2025-05,2025-06,PDS_ACTIVE_CORE,PDS_CORE_FIXED_25_75_V1,EWY,0.05781250000000011
2025-05,2025-06,PDS_ACTIVE_CORE,PDS_CORE_FIXED_25_75_V1,GLD,0.18437500000000015
2025-05,2025-06,PDS_ACTIVE_CORE,PDS_CORE_FIXED_25_75_V1,HYG,0.04375000000000008
2025-05,2025-06,PDS_ACTIVE_CORE,PDS_CORE_FIXED_25_75_V1,IEF,0.046875
2025-05,2025-06,PDS_ACTIVE_CORE,PDS_CORE_FIXED_25_75_V1,IWM,0.0625
2025-05,2025-06,PDS_ACTIVE_CORE,PDS_CORE_FIXED_25_75_V1,QQQ,0.18437500000000015
2025-05,2025-06,PDS_ACTIVE_CORE,PDS_CORE_FIXED_25_75_V1,SPY,0.12656250000000008
2025-05,2025-06,PDS_ACTIVE_CORE,PDS_CORE_FIXED_25_75_V1,TIP,0.02187500000000004
2025-05,2025-06,PDS_ACTIVE_CORE,PDS_CORE_FIXED_25_75_V1,VGK,0.04375000000000008
2025-06,2025-07,PDS_ACTIVE_CORE,PDS_CORE_FIXED_25_75_V1,EEM,0.08437500000000014
2025-06,2025-07,PDS_ACTIVE_CORE,PDS_CORE_FIXED_25_75_V1,EFA,0.14375000000000004
2025-06,2025-07,PDS_ACTIVE_CORE,PDS_CORE_FIXED_25_75_V1,EWY,0.07968750000000016
2025-06,2025-07,PDS_ACTIVE_CORE,PDS_CORE_FIXED_25_75_V1,GLD,0.18437500000000015
2025-06,2025-07,PDS_ACTIVE_CORE,PDS_CORE_FIXED_25_75_V1,IEF,0.046875
2025-06,2025-07,PDS_ACTIVE_CORE,PDS_CORE_FIXED_25_75_V1,IWM,0.0625
2025-06,2025-07,PDS_ACTIVE_CORE,PDS_CORE_FIXED_25_75_V1,LQD,0.02187500000000004
2025-06,2025-07,PDS_ACTIVE_CORE,PDS_CORE_FIXED_25_75_V1,QQQ,0.1625000000000001
2025-06,2025-07,PDS_ACTIVE_CORE,PDS_CORE_FIXED_25_75_V1,SPY,0.1484375000000001
2025-06,2025-07,PDS_ACTIVE_CORE,PDS_CORE_FIXED_25_75_V1,TIP,0.02187500000000004
2025-06,2025-07,PDS_ACTIVE_CORE,PDS_CORE_FIXED_25_75_V1,VGK,0.04375000000000008
2025-07,2025-08,PDS_ACTIVE_CORE,PDS_CORE_FIXED_25_75_V1,EEM,0.08437500000000014
2025-07,2025-08,PDS_ACTIVE_CORE,PDS_CORE_FIXED_25_75_V1,EFA,0.03125000000000006
2025-07,2025-08,PDS_ACTIVE_CORE,PDS_CORE_FIXED_25_75_V1,EWY,0.14218750000000016
2025-07,2025-08,PDS_ACTIVE_CORE,PDS_CORE_FIXED_25_75_V1,GLD,0.18437500000000015
2025-07,2025-08,PDS_ACTIVE_CORE,PDS_CORE_FIXED_25_75_V1,IEF,0.046875
2025-07,2025-08,PDS_ACTIVE_CORE,PDS_CORE_FIXED_25_75_V1,QQQ,0.2968750000000001
2025-07,2025-08,PDS_ACTIVE_CORE,PDS_CORE_FIXED_25_75_V1,SPY,0.1484375000000001
2025-07,2025-08,PDS_ACTIVE_CORE,PDS_CORE_FIXED_25_75_V1,TIP,0.02187500000000004
2025-07,2025-08,PDS_ACTIVE_CORE,PDS_CORE_FIXED_25_75_V1,VGK,0.04375000000000008
2025-08,2025-09,PDS_ACTIVE_CORE,PDS_CORE_FIXED_25_75_V1,EEM,0.25937500000000013
2025-08,2025-09,PDS_ACTIVE_CORE,PDS_CORE_FIXED_25_75_V1,EFA,0.03125000000000006
2025-08,2025-09,PDS_ACTIVE_CORE,PDS_CORE_FIXED_25_75_V1,EWY,0.14218750000000016
2025-08,2025-09,PDS_ACTIVE_CORE,PDS_CORE_FIXED_25_75_V1,GLD,0.18437500000000015
2025-08,2025-09,PDS_ACTIVE_CORE,PDS_CORE_FIXED_25_75_V1,IEF,0.046875
2025-08,2025-09,PDS_ACTIVE_CORE,PDS_CORE_FIXED_25_75_V1,IWM,0.03125000000000006
2025-08,2025-09,PDS_ACTIVE_CORE,PDS_CORE_FIXED_25_75_V1,QQQ,0.12187500000000015
2025-08,2025-09,PDS_ACTIVE_CORE,PDS_CORE_FIXED_25_75_V1,SPY,0.11718750000000003
2025-08,2025-09,PDS_ACTIVE_CORE,PDS_CORE_FIXED_25_75_V1,TIP,0.02187500000000004
2025-08,2025-09,PDS_ACTIVE_CORE,PDS_CORE_FIXED_25_75_V1,VGK,0.04375000000000008
2025-09,2025-10,PDS_ACTIVE_CORE,PDS_CORE_FIXED_25_75_V1,EEM,0.2375000000000001
2025-09,2025-10,PDS_ACTIVE_CORE,PDS_CORE_FIXED_25_75_V1,EWY,0.07968750000000016
2025-09,2025-10,PDS_ACTIVE_CORE,PDS_CORE_FIXED_25_75_V1,GLD,0.12187500000000015
2025-09,2025-10,PDS_ACTIVE_CORE,PDS_CORE_FIXED_25_75_V1,HYG,0.02187500000000004
2025-09,2025-10,PDS_ACTIVE_CORE,PDS_CORE_FIXED_25_75_V1,IEF,0.046875
2025-09,2025-10,PDS_ACTIVE_CORE,PDS_CORE_FIXED_25_75_V1,IWM,0.09375000000000006
2025-09,2025-10,PDS_ACTIVE_CORE,PDS_CORE_FIXED_25_75_V1,QQQ,0.18437500000000015
2025-09,2025-10,PDS_ACTIVE_CORE,PDS_CORE_FIXED_25_75_V1,SPY,0.17031250000000014
2025-09,2025-10,PDS_ACTIVE_CORE,PDS_CORE_FIXED_25_75_V1,VGK,0.04375000000000008
2025-10,2025-11,PDS_ACTIVE_CORE,PDS_CORE_FIXED_25_75_V1,DBC,0.02187500000000004
2025-10,2025-11,PDS_ACTIVE_CORE,PDS_CORE_FIXED_25_75_V1,EEM,0.2375000000000001
2025-10,2025-11,PDS_ACTIVE_CORE,PDS_CORE_FIXED_25_75_V1,EWY,0.07968750000000016
2025-10,2025-11,PDS_ACTIVE_CORE,PDS_CORE_FIXED_25_75_V1,GLD,0.12187500000000015
2025-10,2025-11,PDS_ACTIVE_CORE,PDS_CORE_FIXED_25_75_V1,HYG,0.02187500000000004
2025-10,2025-11,PDS_ACTIVE_CORE,PDS_CORE_FIXED_25_75_V1,IEF,0.046875
2025-10,2025-11,PDS_ACTIVE_CORE,PDS_CORE_FIXED_25_75_V1,IWM,0.09375000000000006
2025-10,2025-11,PDS_ACTIVE_CORE,PDS_CORE_FIXED_25_75_V1,QQQ,0.1625000000000001
2025-10,2025-11,PDS_ACTIVE_CORE,PDS_CORE_FIXED_25_75_V1,SPY,0.17031250000000014
2025-10,2025-11,PDS_ACTIVE_CORE,PDS_CORE_FIXED_25_75_V1,TIP,0.02187500000000004
2025-10,2025-11,PDS_ACTIVE_CORE,PDS_CORE_FIXED_25_75_V1,VGK,0.02187500000000004
2025-11,2025-12,PDS_ACTIVE_CORE,PDS_CORE_FIXED_25_75_V1,DBC,0.04375000000000008
2025-11,2025-12,PDS_ACTIVE_CORE,PDS_CORE_FIXED_25_75_V1,EEM,0.2375000000000001
2025-11,2025-12,PDS_ACTIVE_CORE,PDS_CORE_FIXED_25_75_V1,EFA,0.03125000000000006
2025-11,2025-12,PDS_ACTIVE_CORE,PDS_CORE_FIXED_25_75_V1,EWY,0.14218750000000016
2025-11,2025-12,PDS_ACTIVE_CORE,PDS_CORE_FIXED_25_75_V1,GLD,0.12187500000000015
2025-11,2025-12,PDS_ACTIVE_CORE,PDS_CORE_FIXED_25_75_V1,HYG,0.02187500000000004
2025-11,2025-12,PDS_ACTIVE_CORE,PDS_CORE_FIXED_25_75_V1,IEF,0.046875
2025-11,2025-12,PDS_ACTIVE_CORE,PDS_CORE_FIXED_25_75_V1,QQQ,0.1625000000000001
2025-11,2025-12,PDS_ACTIVE_CORE,PDS_CORE_FIXED_25_75_V1,SPY,0.17031250000000014
2025-11,2025-12,PDS_ACTIVE_CORE,PDS_CORE_FIXED_25_75_V1,VGK,0.02187500000000004
2025-12,2026-01,PDS_ACTIVE_CORE,PDS_CORE_FIXED_25_75_V1,DBC,0.02187500000000004
2025-12,2026-01,PDS_ACTIVE_CORE,PDS_CORE_FIXED_25_75_V1,EEM,0.1750000000000001
2025-12,2026-01,PDS_ACTIVE_CORE,PDS_CORE_FIXED_25_75_V1,EFA,0.03125000000000006
2025-12,2026-01,PDS_ACTIVE_CORE,PDS_CORE_FIXED_25_75_V1,EWY,0.07968750000000016
2025-12,2026-01,PDS_ACTIVE_CORE,PDS_CORE_FIXED_25_75_V1,GLD,0.18437500000000015
2025-12,2026-01,PDS_ACTIVE_CORE,PDS_CORE_FIXED_25_75_V1,HYG,0.02187500000000004
2025-12,2026-01,PDS_ACTIVE_CORE,PDS_CORE_FIXED_25_75_V1,IEF,0.046875
2025-12,2026-01,PDS_ACTIVE_CORE,PDS_CORE_FIXED_25_75_V1,IWM,0.0625
2025-12,2026-01,PDS_ACTIVE_CORE,PDS_CORE_FIXED_25_75_V1,QQQ,0.1625000000000001
2025-12,2026-01,PDS_ACTIVE_CORE,PDS_CORE_FIXED_25_75_V1,SPY,0.17031250000000014
2025-12,2026-01,PDS_ACTIVE_CORE,PDS_CORE_FIXED_25_75_V1,VGK,0.04375000000000008
2026-01,2026-02,PDS_ACTIVE_CORE,PDS_CORE_FIXED_25_75_V1,DBC,0.0531250000000001
2026-01,2026-02,PDS_ACTIVE_CORE,PDS_CORE_FIXED_25_75_V1,EEM,0.25937500000000013
2026-01,2026-02,PDS_ACTIVE_CORE,PDS_CORE_FIXED_25_75_V1,EFA,0.03125000000000006
2026-01,2026-02,PDS_ACTIVE_CORE,PDS_CORE_FIXED_25_75_V1,EWY,0.07968750000000016
2026-01,2026-02,PDS_ACTIVE_CORE,PDS_CORE_FIXED_25_75_V1,GLD,0.12187500000000015
2026-01,2026-02,PDS_ACTIVE_CORE,PDS_CORE_FIXED_25_75_V1,HYG,0.02187500000000004
2026-01,2026-02,PDS_ACTIVE_CORE,PDS_CORE_FIXED_25_75_V1,IEF,0.046875
2026-01,2026-02,PDS_ACTIVE_CORE,PDS_CORE_FIXED_25_75_V1,IWM,0.03125000000000006
2026-01,2026-02,PDS_ACTIVE_CORE,PDS_CORE_FIXED_25_75_V1,LQD,0.02187500000000004
2026-01,2026-02,PDS_ACTIVE_CORE,PDS_CORE_FIXED_25_75_V1,QQQ,0.109375
2026-01,2026-02,PDS_ACTIVE_CORE,PDS_CORE_FIXED_25_75_V1,SPY,0.11718750000000003
2026-01,2026-02,PDS_ACTIVE_CORE,PDS_CORE_FIXED_25_75_V1,TLT,0.0625
2026-01,2026-02,PDS_ACTIVE_CORE,PDS_CORE_FIXED_25_75_V1,VGK,0.04375000000000008
2026-02,2026-03,PDS_ACTIVE_CORE,PDS_CORE_FIXED_25_75_V1,DBC,0.0531250000000001
2026-02,2026-03,PDS_ACTIVE_CORE,PDS_CORE_FIXED_25_75_V1,EEM,0.1750000000000001
2026-02,2026-03,PDS_ACTIVE_CORE,PDS_CORE_FIXED_25_75_V1,EFA,0.03125000000000006
2026-02,2026-03,PDS_ACTIVE_CORE,PDS_CORE_FIXED_25_75_V1,EWY,0.14218750000000016
2026-02,2026-03,PDS_ACTIVE_CORE,PDS_CORE_FIXED_25_75_V1,GLD,0.12187500000000015
2026-02,2026-03,PDS_ACTIVE_CORE,PDS_CORE_FIXED_25_75_V1,HYG,0.02187500000000004
2026-02,2026-03,PDS_ACTIVE_CORE,PDS_CORE_FIXED_25_75_V1,IEF,0.046875
2026-02,2026-03,PDS_ACTIVE_CORE,PDS_CORE_FIXED_25_75_V1,IWM,0.09375000000000006
2026-02,2026-03,PDS_ACTIVE_CORE,PDS_CORE_FIXED_25_75_V1,QQQ,0.13125000000000003
2026-02,2026-03,PDS_ACTIVE_CORE,PDS_CORE_FIXED_25_75_V1,SPY,0.11718750000000003
2026-02,2026-03,PDS_ACTIVE_CORE,PDS_CORE_FIXED_25_75_V1,VGK,0.04375000000000008
2026-02,2026-03,PDS_ACTIVE_CORE,PDS_CORE_FIXED_25_75_V1,VNQ,0.02187500000000004
2026-03,2026-04,PDS_ACTIVE_CORE,PDS_CORE_FIXED_25_75_V1,BIL,0.11875
2026-03,2026-04,PDS_ACTIVE_CORE,PDS_CORE_FIXED_25_75_V1,DBC,0.11250000000000013
2026-03,2026-04,PDS_ACTIVE_CORE,PDS_CORE_FIXED_25_75_V1,EEM,0.0625000000000001
2026-03,2026-04,PDS_ACTIVE_CORE,PDS_CORE_FIXED_25_75_V1,EFA,0.03125000000000006
2026-03,2026-04,PDS_ACTIVE_CORE,PDS_CORE_FIXED_25_75_V1,EWY,0.14218750000000016
2026-03,2026-04,PDS_ACTIVE_CORE,PDS_CORE_FIXED_25_75_V1,GLD,0.1625000000000001
2026-03,2026-04,PDS_ACTIVE_CORE,PDS_CORE_FIXED_25_75_V1,HYG,0.02187500000000004
2026-03,2026-04,PDS_ACTIVE_CORE,PDS_CORE_FIXED_25_75_V1,IEF,0.046875
2026-03,2026-04,PDS_ACTIVE_CORE,PDS_CORE_FIXED_25_75_V1,IWM,0.09375000000000006
2026-03,2026-04,PDS_ACTIVE_CORE,PDS_CORE_FIXED_25_75_V1,QQQ,0.08437500000000003
2026-03,2026-04,PDS_ACTIVE_CORE,PDS_CORE_FIXED_25_75_V1,SHY,0.046875
2026-03,2026-04,PDS_ACTIVE_CORE,PDS_CORE_FIXED_25_75_V1,SPY,0.054687500000000035
2026-03,2026-04,PDS_ACTIVE_CORE,PDS_CORE_FIXED_25_75_V1,VGK,0.02187500000000004
2026-04,2026-05,PDS_ACTIVE_CORE,PDS_CORE_FIXED_25_75_V1,DBC,0.13750000000000015
2026-04,2026-05,PDS_ACTIVE_CORE,PDS_CORE_FIXED_25_75_V1,EEM,0.1750000000000001
2026-04,2026-05,PDS_ACTIVE_CORE,PDS_CORE_FIXED_25_75_V1,EWY,0.14218750000000016
2026-04,2026-05,PDS_ACTIVE_CORE,PDS_CORE_FIXED_25_75_V1,GLD,0.13125000000000003
2026-04,2026-05,PDS_ACTIVE_CORE,PDS_CORE_FIXED_25_75_V1,HYG,0.02187500000000004
2026-04,2026-05,PDS_ACTIVE_CORE,PDS_CORE_FIXED_25_75_V1,IEF,0.046875
2026-04,2026-05,PDS_ACTIVE_CORE,PDS_CORE_FIXED_25_75_V1,IWM,0.03125000000000006
2026-04,2026-05,PDS_ACTIVE_CORE,PDS_CORE_FIXED_25_75_V1,QQQ,0.18437500000000015
2026-04,2026-05,PDS_ACTIVE_CORE,PDS_CORE_FIXED_25_75_V1,SPY,0.10781250000000016
2026-04,2026-05,PDS_ACTIVE_CORE,PDS_CORE_FIXED_25_75_V1,VNQ,0.02187500000000004
2026-05,2026-06,PDS_ACTIVE_CORE,PDS_CORE_FIXED_25_75_V1,DBC,0.07500000000000015
2026-05,2026-06,PDS_ACTIVE_CORE,PDS_CORE_FIXED_25_75_V1,EEM,0.1750000000000001
2026-05,2026-06,PDS_ACTIVE_CORE,PDS_CORE_FIXED_25_75_V1,EWY,0.14218750000000016
2026-05,2026-06,PDS_ACTIVE_CORE,PDS_CORE_FIXED_25_75_V1,GLD,0.13125000000000003
2026-05,2026-06,PDS_ACTIVE_CORE,PDS_CORE_FIXED_25_75_V1,HYG,0.02187500000000004
2026-05,2026-06,PDS_ACTIVE_CORE,PDS_CORE_FIXED_25_75_V1,IEF,0.046875
2026-05,2026-06,PDS_ACTIVE_CORE,PDS_CORE_FIXED_25_75_V1,IWM,0.03125000000000006
2026-05,2026-06,PDS_ACTIVE_CORE,PDS_CORE_FIXED_25_75_V1,QQQ,0.18437500000000015
2026-05,2026-06,PDS_ACTIVE_CORE,PDS_CORE_FIXED_25_75_V1,SPY,0.17031250000000014
2026-05,2026-06,PDS_ACTIVE_CORE,PDS_CORE_FIXED_25_75_V1,VGK,0.02187500000000004
2026-06,2026-07,PDS_ACTIVE_CORE,PDS_CORE_FIXED_25_75_V1,DBC,0.02187500000000004
2026-06,2026-07,PDS_ACTIVE_CORE,PDS_CORE_FIXED_25_75_V1,EEM,0.25937500000000013
2026-06,2026-07,PDS_ACTIVE_CORE,PDS_CORE_FIXED_25_75_V1,EFA,0.03125000000000006
2026-06,2026-07,PDS_ACTIVE_CORE,PDS_CORE_FIXED_25_75_V1,EWY,0.14218750000000016
2026-06,2026-07,PDS_ACTIVE_CORE,PDS_CORE_FIXED_25_75_V1,GLD,0.109375
2026-06,2026-07,PDS_ACTIVE_CORE,PDS_CORE_FIXED_25_75_V1,HYG,0.02187500000000004
2026-06,2026-07,PDS_ACTIVE_CORE,PDS_CORE_FIXED_25_75_V1,IEF,0.046875
2026-06,2026-07,PDS_ACTIVE_CORE,PDS_CORE_FIXED_25_75_V1,IWM,0.03125000000000006
2026-06,2026-07,PDS_ACTIVE_CORE,PDS_CORE_FIXED_25_75_V1,QQQ,0.18437500000000015
2026-06,2026-07,PDS_ACTIVE_CORE,PDS_CORE_FIXED_25_75_V1,SPY,0.10781250000000016
2026-06,2026-07,PDS_ACTIVE_CORE,PDS_CORE_FIXED_25_75_V1,VGK,0.02187500000000004
2026-06,2026-07,PDS_ACTIVE_CORE,PDS_CORE_FIXED_25_75_V1,VNQ,0.02187500000000004
2026-07,2026-08,PDS_ACTIVE_CORE,PDS_CORE_FIXED_25_75_V1,BIL,0.07500000000000001
2026-07,2026-08,PDS_ACTIVE_CORE,PDS_CORE_FIXED_25_75_V1,DBC,0.175
2026-07,2026-08,PDS_ACTIVE_CORE,PDS_CORE_FIXED_25_75_V1,EEM,0.0625
2026-07,2026-08,PDS_ACTIVE_CORE,PDS_CORE_FIXED_25_75_V1,EFA,0.03125
2026-07,2026-08,PDS_ACTIVE_CORE,PDS_CORE_FIXED_25_75_V1,EWY,0.1421875
2026-07,2026-08,PDS_ACTIVE_CORE,PDS_CORE_FIXED_25_75_V1,GLD,0.046875
2026-07,2026-08,PDS_ACTIVE_CORE,PDS_CORE_FIXED_25_75_V1,IEF,0.046875
2026-07,2026-08,PDS_ACTIVE_CORE,PDS_CORE_FIXED_25_75_V1,IWM,0.03125
2026-07,2026-08,PDS_ACTIVE_CORE,PDS_CORE_FIXED_25_75_V1,QQQ,0.15312499999999998
2026-07,2026-08,PDS_ACTIVE_CORE,PDS_CORE_FIXED_25_75_V1,SPY,0.1171875
2026-07,2026-08,PDS_ACTIVE_CORE,PDS_CORE_FIXED_25_75_V1,VGK,0.04375
2026-07,2026-08,PDS_ACTIVE_CORE,PDS_CORE_FIXED_25_75_V1,VNQ,0.075
